Country,Country Code,Year,Currency,budget_deficit,budget_deficitsurplus,budget_surplus,capital_expenditure,consumer_price_index_cpi,defence_expenditure,education_expenditure,expenditure,exports,food_inflation_yoy,gdp_growth_rate,gdp_per_capita,government_debt,health_expenditure,imports,interest_rate,labour_force,nominal_gdp,population,real_gdp,revenue,tax_revenue,unemployment_rate,value_added_tax_vat
Algeria,DZA,1977,USD,,,,,,,,,6.0,,,,,,-6.21,,,,,,,,,
Algeria,DZA,1978,USD,,,,,,,,,6.3,,,,,,-7.32,,,,,,,,,
Algeria,DZA,1979,USD,,,,,,,,,9.5,,,,,,-7.82,,,,,,,,,
Algeria,DZA,1980,USD,,,,,,,,,13.7,,,,,,-9.61,,,,,,,,,
Algeria,DZA,1981,USD,,,,,,,,,14.1,,,,,,-10.11,,,,,,,,,
Algeria,DZA,1982,USD,,,,,,,,,13.5,,,,,,-9.92,,,,,,,,,
Algeria,DZA,1983,USD,,,,,,,,,12.7,,,,,,-9.54,,,,,,,,,
Algeria,DZA,1984,USD,,,,,,,,,12.8,,,,,,-9.24,,,,,,,,,
Algeria,DZA,1985,USD,,,,,,,,,13.0,,,,,,-8.81,,,,,,,,,
Algeria,DZA,1986,USD,,,,,,,,,8.1,,,,,,-8.53,,,,,,,,,
Algeria,DZA,1987,USD,,,,,,,,,9.0,,,,,,-7.27,,,,,,,,,
Algeria,DZA,1988,USD,,,,,,,,,7.6,,,,,,-7.69,,,,,,,,,
Algeria,DZA,1989,USD,,,,,,,,,9.6,,,,,,-9.47,,,,,,,,,
Algeria,DZA,1990,USD,,,,,,,,,12.9,,,,,,-9.77,,,,,,,,,
Algeria,DZA,1991,USD,,,,,,,,,12.4,,,,,,-7.77,,,,,,,,,
Algeria,DZA,1992,USD,,,,,,,,,11.5,,,,,,-8.3,,,,,,,,,
Algeria,DZA,1993,USD,,,,,,,,,10.4,,,,,,-7.99,,,,,,,,,
Algeria,DZA,1994,USD,,,,,,,,,8.9,,,,,,-9.15,,,,,,,,,
Algeria,DZA,1995,USD,,,,,,,,,10.3,,,,,,-10.1,,,,,,,,,
Algeria,DZA,1996,USD,,,,,,,,,13.2,,,,,,-9.09,,,,,,,,,
Algeria,DZA,1997,USD,,,,,,,,,13.8,,,,,,-8.13,,,,,,,,,
Algeria,DZA,1998,USD,,,,,,,,,10.1,,,,,,-8.63,,,,,,,,,
Algeria,DZA,1999,USD,,,,,,,,,12.3,,,,,,-8.96,,,,,,,,,
Algeria,DZA,2000,USD,,,,,,,,,21.7,,,,,,-9.35,,,,,,,,,
Algeria,DZA,2001,DZD,,,,,,,,,,,,,,,,,,4587607.0,,,,,,
Algeria,DZA,2001,USD,,,,,,,,,19.1,,,,,,-9.48,,,,,,,,,
Algeria,DZA,2002,DZD,,,,,,,,,,,,,,,,,,4901720.0,,,,,,
Algeria,DZA,2002,USD,,,,,,,,,18.7,,,,,,-12.01,,,,,,,,,
Algeria,DZA,2003,DZD,,,,,,,,,,,,,,,,,,5687158.0,,,,,,
Algeria,DZA,2003,USD,,,,,,,,,24.5,,,,,,-13.32,,,,,,,,,
Algeria,DZA,2004,DZD,,,,,,,,,,,,,,,,,,6623355.0,,,,,,
Algeria,DZA,2004,USD,,,,,,,,,32.2,,,,,,-17.95,,,,,,,,,
Algeria,DZA,2005,DZD,,,,,,,,,,,,,,,,,,7843981.0,,,,,,
Algeria,DZA,2005,USD,,,,,,,,,46.3,,,,,,-19.85,,,,,,,,,
Algeria,DZA,2006,DZD,,,,,,,,,,,,,,,,,,8941655.0,,,,,,
Algeria,DZA,2006,USD,,,,,,,,,54.7,,,,,,-20.68,,,,,,,,,
Algeria,DZA,2007,DZD,,,,,,,,,,,,,,,,,,9872971.0,,,,,,
Algeria,DZA,2007,USD,,,,,,,,,60.6,,,,,,-26.35,,,,,,,,,
Algeria,DZA,2008,DZD,,,,,,,,,,,,,,,,,,11649694.0,,,,,,
Algeria,DZA,2008,USD,,,,,,,,,78.6,,,,,,-37.99,,,,,,,,,
Algeria,DZA,2009,DZD,,,,,,,,,,,,,,,,,,10920163.0,,,,,,
Algeria,DZA,2009,USD,,,,,,,,,45.2,,,,,,-37.4,,,,,,,,,
Algeria,DZA,2010,DZD,,,,,,,,,,,,,,,,,,13224716.0,,,,,,
Algeria,DZA,2010,USD,,,,,,,,,57.1,,,,,,-38.89,,,,,,,,,
Algeria,DZA,2011,DZD,,,,,,,,,,,,,,,,,,15924670.0,,,,,,
Algeria,DZA,2011,USD,,,,,,,,,72.9,,,,,,-46.93,,,,,,,,,
Algeria,DZA,2012,DZD,,,,,,,,,,,,,,,,,,17611810.0,,,,,,
Algeria,DZA,2012,USD,,,,,,,,,71.7,,,,,,-51.57,,,,,,,,,
Algeria,DZA,2013,DZD,,,,,,,,,,,,,,,,,,18231035.0,,,,,,
Algeria,DZA,2013,USD,,,,,,,,,64.9,,,,,,-54.99,,,,,,,,,
Algeria,DZA,2014,DZD,,,,,,,,,,,,,,,,,,19253765.0,,,,,,
Algeria,DZA,2014,USD,,,,,,,,,60.1,,,,,,-59.67,,,,,,,,,
Algeria,DZA,2015,DZD,,,,,,,,,,,,,,,,,,18879025.0,,,,,,
Algeria,DZA,2015,USD,,,,,,,,,34.6,,,,,,-52.65,,,,,,,,,
Algeria,DZA,2016,DZD,,,,,,,,,,,,,,,,,,19783349.0,,,,,,
Algeria,DZA,2016,USD,,,,,,,,,29.3,,,,,,-49.44,,,,,,,,,
Algeria,DZA,2017,DZD,,,,,,,,,,,,,,,,,,21071656.0,,,,,,
Algeria,DZA,2017,USD,,,,,,,,,34.6,,,,,,-48.98,,,,,,,,,
Algeria,DZA,2018,DZD,,,,,,,,,,,,,,,,,,22683845.0,,,,,,
Algeria,DZA,2018,USD,,,,,,,,,41.1,,,,,,-48.57,,,,,,,,,
Algeria,DZA,2019,DZD,,,,,,,,,,,,,,,,,,23090099.0,,,,,,
Algeria,DZA,2019,USD,,,,,,,,,35.3,,,,,,-44.63,,,,,,,,,
Algeria,DZA,2020,DZD,,,,,,,,,,,,,,,,,,20902124.0,,,,,,
Algeria,DZA,2020,USD,,,,,,,,,21.9,,,,,,-35.55,,,,,,,,,
Algeria,DZA,2021,DZD,,,,,,,,,,,,,,,,,,25153206.0,,,,,,
Algeria,DZA,2021,USD,,,,,,,,,38.6,,,,,,-37.47,,,,,,,,,
Algeria,DZA,2022,DZD,,,,,,,,,,,,,,,,,,32039527.0,,,,,,
Algeria,DZA,2022,USD,,,,,,,,,65.7,,,,,,-38.87,,,,,,,,,
Algeria,DZA,2023,DZD,,,,,,,,,,,,,,,,,,33638264.0,,,,,,
Algeria,DZA,2023,USD,,,,,,,,,55.0,,,,,,-42.96,,,,,,,,,
Algeria,DZA,2024,DZD,,,,,,,,,,,,,,,,,,35788498.8,,,,,,
Angola,AGO,1990,USD,,,,,,,,,3882700000.0,,,,,,,,,,,,,,,
Angola,AGO,1991,USD,,,,,,,,,3449200000.0,,,,,,,,,,,,,,,
Angola,AGO,1992,USD,,,,,,,,,3832700000.0,,,,,,,,,,,,,,,
Angola,AGO,1993,USD,,,,,,,,,2900400000.0,,,,,,,,,,,,,,,
Angola,AGO,1994,USD,,,,,,,,,3016700000.0,,,,,,,,,,,,,,,
Angola,AGO,1995,USD,,,,,,,,,3722700000.0,,,,,,,,,,,,,,,
Angola,AGO,1996,USD,,,,,,,,,5094800000.0,,,,,,,,,,,,,,,
Angola,AGO,1997,USD,,,,,,,,,5006700000.0,,,,,,,,,,,,,,,
Angola,AGO,1998,USD,,,,,,,,,3542900000.0,,,,,,,,,,,,,,,
Angola,AGO,1999,USD,,,,,,,,,5156500000.0,,,,,,,,,,,,,,,
Angola,AGO,2000,USD,,,,,,,,,7920700000.0,,,,,,,,,,,,,,,
Angola,AGO,2001,USD,,,,,,,,,6534300000.0,,,,,,,,,,,,,,,
Angola,AGO,2002,AOA,,,,,,,,,,,,55490.0,,,,,,753573719700.0,,,,,,
Angola,AGO,2002,USD,,,,,,,,,8327900000.0,,,,,,,,,,,,,,,
Angola,AGO,2003,AOA,,,,,,,,,,,,107760.0,,,,,,1517650933000.0,,779853189400.0,,,,
Angola,AGO,2003,USD,,,,,,,,,9508200000.0,,,,,,5480120000.0,,,,,,,,,
Angola,AGO,2004,AOA,,,,,,,,,,,,155336.0,,,,,,2255447872000.0,,1690964596000.0,,,,
Angola,AGO,2004,USD,,,,,,,,,13475000000.0,,,,,,5831780000.0,,,,,,,,,
Angola,AGO,2005,AOA,,,,,,,,,,,,241374.0,,,,,,3608095309000.0,,2574701500000.0,,,,
Angola,AGO,2005,USD,,,,,,,,,24109400000.0,,,,,,8353240000.0,,,,,,,,,
Angola,AGO,2006,AOA,,,,,,,,,,,,305893.0,,,,,,4713881568000.0,,4035359384000.0,,,,
Angola,AGO,2006,USD,,,,,,,,,31862200000.0,,,,,,8777630000.0,,,,,,,,,
Angola,AGO,2007,AOA,,,,,,,,,,,,352609.0,,,,,,5602449613000.0,,5326812926000.0,,,,
Angola,AGO,2007,USD,,,,,,,,,44396200000.0,,,,,,13661460000.0,,,,,,,,,
Angola,AGO,2008,AOA,,,,,,,,,,,,452873.0,,,,,,7412577530000.0,,6206765463000.0,,,,
Angola,AGO,2008,USD,,,,,,,,,63913900000.0,,,,,,20982190000.0,,,,,,,,,
Angola,AGO,2009,AOA,,,,,,,,,,,,383775.0,,,,,,6481521800000.0,,7560502119000.0,,,,
Angola,AGO,2009,USD,,,,,,,,,40827900000.0,,,,,,22659940000.0,,,,,,,,,
Angola,AGO,2010,AOA,,,,,,,,,,,,507350.0,,,,,,8781308454000.0,,6824631898000.0,,,,
Angola,AGO,2010,USD,,,,,,,,,50594900000.0,,,,,,16666860000.0,,,,,,,,,
Angola,AGO,2011,AOA,,,,,,,,,,,,663525.0,,,,,,11793661420000.0,,9096897229000.0,,,,
Angola,AGO,2011,USD,,,,,,,,,67310300000.0,,,,,,20228450000.0,,,,,,,,,
Angola,AGO,2012,AOA,,,,,,,,,,,,751446.0,,,,0.10300000000000001,,13706611880000.0,,12796490940000.0,,,,
Angola,AGO,2012,USD,,,,,,,,,71093300000.0,,,,,,23703840000.0,,,,,,,,,
Angola,AGO,2013,AOA,,,,,,,,,,,,793353.0,,,,0.1,,14840760470000.0,,14375914130000.0,,,,
Angola,AGO,2013,USD,,,,,,,,,68246500000.0,,,,,,26330990000.0,,,,,,,,,
Angola,AGO,2014,AOA,,,,,,,,,,,,624129.0,,,,0.09300000000000001,,16165667820000.0,,15531705260000.0,,,,
Angola,AGO,2014,USD,,,,,,,,,59169900000.0,,,,,,28580270000.0,,,,,,,,,
Angola,AGO,2015,AOA,,,,,,,,,,,,592443.0,,,,0.09,,15807317330000.0,,16289040590000.0,,,,
Angola,AGO,2015,USD,,,,,,,,,33181100000.0,,,,,,20692540000.0,,,,,,,,,
Angola,AGO,2016,AOA,,,,,,,,,,,,682888.0,,,,0.12,,18781815990000.0,,15538509100000.0,,,,
Angola,AGO,2016,USD,,,,,,,,,27588900000.0,,,,,,13040490000.0,,,,,,,,,
Angola,AGO,2017,AOA,,,,,,,,,,,,818092.0,,,,0.16,,23200798620000.0,,18753756660000.0,,,,
Angola,AGO,2017,USD,,,,,,,,,34613500000.0,,,,,,14463240000.0,,,,,,,,,
Angola,AGO,2018,AOA,,,,,,,,,,,,987124.0,,,,0.18,,28873391110000.0,,23062890470000.0,,,,
Angola,AGO,2018,USD,,,,,,,,,40757800000.0,,,,,,15797850000.0,,,,,,,,,
Angola,AGO,2019,AOA,,,,,,,,,,,,1144586.0,,,,0.158,,34538508020000.004,,28814292980000.0,,,,
Angola,AGO,2019,USD,,,,,,,,,34725600000.0,,,,,,14127060000.0,,,,,,,,,
Angola,AGO,2020,AOA,,,,,,,,,,,,1235754.0,,,,0.155,,38466148280000.0,,33142307050000.0,,,,
Angola,AGO,2020,USD,,,,,,,,,20937400000.0,,,,,,9543140000.0,,,,,,,,,
Angola,AGO,2021,AOA,,,,,,,,,,,,1659871.0,,,,0.155,,53277982460000.0,,39274996180000.0,,,,
Angola,AGO,2021,USD,,,,,,,,,33581500000.0,,,,,,11794850000.0,,,,,,,,,
Angola,AGO,2022,AOA,,,,,,,,,,,,1982276.0,,,,0.2,,65586149320000.0,,55524183580000.0,,,,
Angola,AGO,2022,USD,,,,,,,,,50038000000.0,,,,,,17267320000.0,,,,,,,,,
Angola,AGO,2023,AOA,,,,,,,,,,,,2298268.0,,,,0.195,,78322351900000.0,,66414704480000.0,,,,
Angola,AGO,2023,USD,,,,,,,,,36884700000.0,,,,,,15084850000.0,,,,,,,,,
Angola,AGO,2024,AOA,,,,,,,,,,,,,,,,0.18,,,,,,,,
Angola,AGO,2024,USD,,,,,,,,,36795000000.0,,,,,,14190240000.0,,,,,,,,,
Angola,AGO,2025,AOA,,,,,,,,,,,,,,,,0.195,,,,,,,,
Angola,AGO,2025,USD,,,,,,,,,7778950000.0,,,,,,3806890000.0,,,,,,,,,
Botswana,BWA,1960,BWP,,,,,,,,,,,,,,,,,,,516165.0,,,,,
Botswana,BWA,1961,BWP,,,,,,,,,,,,,,,,,,,527942.0,,,,,
Botswana,BWA,1962,BWP,,,,,,,,,,,,,,,,,,,540186.0,,,,,
Botswana,BWA,1963,BWP,,,,,,,,,,,,,,,,,,,552966.0,,,,,
Botswana,BWA,1964,BWP,,,,,,,,,,,,,,,,,,,566266.0,,,,,
Botswana,BWA,1965,BWP,,,,,,,,,,,,,,,,,,,574664.0,,,,,
Botswana,BWA,1966,BWP,,,,,,,,,,,,,,,,,,,577866.0,,,,,
Botswana,BWA,1967,BWP,,,,,,,,,,,,,,,,,,,580933.0,,,,,
Botswana,BWA,1968,BWP,,,,,,,,,,,,,,,,,,,583966.0,,,,,
Botswana,BWA,1969,BWP,,,,,,,,,,,,,,,,,,,587066.0,,,,,
Botswana,BWA,1970,BWP,,,,,,,,,,,,,,,,,,,590334.0,,,,,
Botswana,BWA,1971,BWP,,,,,,,,,,,,,,,,,,,600481.0,,,,,
Botswana,BWA,1972,BWP,,,,,,,,,,,,,,,,,,,622407.0,,,,,
Botswana,BWA,1973,BWP,,,,,,,,,,,,,,,,,,,652408.0,,,,,
Botswana,BWA,1974,BWP,,,,,,,,,,,,,,,,,,,685448.0,,,,,
Botswana,BWA,1975,BWP,,,,,,,,,,,,,,,,,,,720380.0,,,,,
Botswana,BWA,1976,BWP,,,,,,,,,,,,,,,,,,,758508.0,,,,,
Botswana,BWA,1977,BWP,,,,,,,,,,,,,,,,,,,799574.0,,,,,
Botswana,BWA,1978,BWP,,,,,,,,,,,,,,,,,,,849239.0,,,,,
Botswana,BWA,1979,BWP,,,,,,,,,,,,,,,,,,,901742.0,,,,,
Botswana,BWA,1980,BWP,,,,,,,,,,,,,,,,,,,937485.0,,,,,
Botswana,BWA,1981,BWP,,,,,,,,,,,,,,,,,,,969996.0,,,,,
Botswana,BWA,1982,BWP,,,,,,,,,,,,,,,,,,,1009269.0,,,,,
Botswana,BWA,1983,BWP,,,,,,,,,,,,,,,,,,,1046137.0,,,,,
Botswana,BWA,1984,BWP,,,,,,,,,,,,,,,,,,,1083660.0,,,,,
Botswana,BWA,1985,BWP,,,,,,,,,,,,,,,,,,,1121945.0,,,,,
Botswana,BWA,1986,BWP,,,,,,,,,,,,,,,,,,,1160650.0,,,,,
Botswana,BWA,1987,BWP,,,,,,,,,,,,,,,,,,,1199167.0,,,,,
Botswana,BWA,1988,BWP,,,,,,,,,,,,,,,,,,,1235476.0,,,,,
Botswana,BWA,1989,BWP,,,,,,,,,,,,,,,,,,,1270274.0,,,,,
Botswana,BWA,1990,BWP,,,,,,,,,,,,,,,,,,,1305696.0,,,,,
Botswana,BWA,1991,BWP,,,,,,,,,,,,,,,,,,,1341756.0,,,,,
Botswana,BWA,1992,BWP,,,,,,,,,,,,,,,,,,,1380033.0,,,,,
Botswana,BWA,1993,BWP,,,,,,,,,,,,,,,,,,,1420115.0,,,,,
Botswana,BWA,1994,BWP,,,,,,,,,,,,,,,,,,,1460023.0,,,,,
Botswana,BWA,1995,BWP,,,,,,,,,,,,,,,,,,,1498836.0,,,,,
Botswana,BWA,1996,BWP,,,,,,,,,,,,,,,,,,,1535914.0,,,,,
Botswana,BWA,1997,BWP,,,,,,,,,,,,,,,,,,,1571691.0,,,,,
Botswana,BWA,1998,BWP,,,,,,,,,,,,,,,,,,,1606899.0,,,,,
Botswana,BWA,1999,BWP,,,,,,,,,,,,,,,,,,,1641997.0,,,,,
Botswana,BWA,2000,BWP,,,,,,,,,,,,,,,,,,,1677382.0,,,,,
Botswana,BWA,2001,BWP,,,,,,,,,,,,,,,,,,,1712254.0,,,,,
Botswana,BWA,2002,BWP,,,,,,,,,,,,,,,,,,,1744763.0,,,,,
Botswana,BWA,2003,BWP,,,,,,,,,,,,,,,,,,,1775736.0,,,,,
Botswana,BWA,2004,BWP,,,,,,,,,,,,,,,,,,,1807146.0,,,,,
Botswana,BWA,2005,BWP,,,,,,,,,,,,,,,,,,,1839877.0,,,,,
Botswana,BWA,2006,BWP,,,,,,,,,,,,,,,,,,,1874516.0,,,,,
Botswana,BWA,2007,BWP,,,,,,,,,,,,,,,,,,,1911201.0,,,,,
Botswana,BWA,2008,BWP,,,,,,,,,,,,,,,,,,,1949970.0,,,,,
Botswana,BWA,2009,BWP,,,,,,,,,,,,,,,,,,,1990673.0,,,,,
Botswana,BWA,2010,BWP,,,,,,,,,,,,,,,,,,,2033111.0,,,,,
Botswana,BWA,2011,BWP,,,,,,,,,,,,,,,,,,,2073535.0,,,,,
Botswana,BWA,2012,BWP,,,,,,,,,,,,,,,,,,,2108617.0,,,,,
Botswana,BWA,2013,BWP,,,,,,,,,,,,,,,,,,,2140682.0,152500400000.0,,,,
Botswana,BWA,2014,BWP,,,,,,,,,,,,,,,,0.075,,,2172044.0,40696500000.0,,,,
Botswana,BWA,2015,BWP,,,,,,,,,,,,70162760000.0,,,,0.0725,,,2203273.0,39080100000.0,,,,
Botswana,BWA,2016,BWP,,,,,,,,,,,,74072230000.0,,,,0.06,,,2234776.0,40475100000.0,,,,
Botswana,BWA,2017,BWP,,,,,,,,,,,,75946280000.0,,,,0.055,,,2266747.0,41756700000.0,,,,
Botswana,BWA,2018,BWP,,,,,,,,,,,,77927750000.0,,,,0.05,,,2299141.0,43344600000.0,,,,
Botswana,BWA,2019,BWP,,,,,,,,,,,,79087810000.0,,,,0.05,,,2332083.0,45322900000.0,,,,
Botswana,BWA,2020,BWP,,,,,,,,,,,,70627990000.0,,,,0.0475,,,2365894.0,45831400000.0,,,,
Botswana,BWA,2021,BWP,,,,,,,,,,,,77876730000.0,,,,0.0375,,,2401441.0,46484000000.0,,,,
Botswana,BWA,2022,BWP,,,,,,,,,,,,80960000000.0,,,,0.0375,962319.0,,2439892.0,49490600000.0,,,25.4,
Botswana,BWA,2023,BWP,,,,,,,,,,,,82375030000.0,,,,0.019,1063776.0,,2480244.0,52312600000.0,,,25.9,
Botswana,BWA,2024,BWP,,,,,,,,,,,,78804330000.0,,,,0.019,1041204.0,,,49583500000.0,,,27.6,
Botswana,BWA,2025,BWP,,,,,,,,,,,,,,,,0.019,,,,49435200000.0,,,,
Egypt,EGY,1982,EGP,,,,,,,,,,,,,,,,,,22500000000.0,,1319400000000.0,,,,
Egypt,EGY,1983,EGP,,,,,,,,,,,0.0489,,,,,,,26600000000.0,,1383910000000.0,,,,
Egypt,EGY,1984,EGP,,,,,,,,,,,0.0975,,,,,,,31600000000.0,,1518780000000.0,,,,
Egypt,EGY,1985,EGP,,,,,,,,,,,0.0579,,,,,,,37300000000.0,,1606740000000.0,,,,
Egypt,EGY,1986,EGP,,,,,,,,,,,0.047400000000000005,,,,,,,44100000000.0,,1682970000000.0,,,,
Egypt,EGY,1987,EGP,,,,,,,,,,,0.0348,,,,,,,51500000000.0,,1741610000000.0,,,,
Egypt,EGY,1988,EGP,,,,,,,,,,,0.053899999999999997,,,,,,,61600000000.0,,1835430000000.0,,,,
Egypt,EGY,1989,EGP,,,,,,,,,,,0.051100000000000007,,,,,,,77000000000.0,,1929260000000.0,,,,
Egypt,EGY,1990,EGP,,,,,,,,,,,0.057800000000000004,,,,,,,95800000000.0,,2040680000000.0,,,,
Egypt,EGY,1991,EGP,,,,,,,,,,,0.0115,,,,,,,112500000000.0,,2064130000000.0,,,,
Egypt,EGY,1992,EGP,,,,,,,,,,,0.0426,,,,,,,139100000000.0,,2152090000000.0002,,,,
Egypt,EGY,1993,EGP,,,,,,,,,,,0.03,,,,,,,155200000000.0,,2216600000000.0,,,,
Egypt,EGY,1994,EGP,,,,,,,,,,,0.039700000000000006,,,,,,,175000000000.0,,2304560000000.0,,,,
Egypt,EGY,1995,EGP,,,,,,,,,,,0.0458,,,,,,,204000000000.0,,2410110000000.0,,,,
Egypt,EGY,1996,EGP,,,,,,,,,,,0.051100000000000007,,,,,,,229400000000.0,,2533250000000.0,,,,
Egypt,EGY,1997,EGP,,,,,,,,,,,0.053200000000000004,,,,,,,265899999999.99997,,2668120000000.0,,,,
Egypt,EGY,1998,EGP,,,,,,,,,,,0.0418,,,,,,,287400000000.0,,2779540000000.0,,,,
Egypt,EGY,1999,EGP,,,,,,,,,,,0.0591,,,,,,,307600000000.0,,2943730000000.0,,,,
Egypt,EGY,2000,EGP,,,,,,,,,,,0.0558,,,,,,,340100000000.0,,3107920000000.0,,,,
Egypt,EGY,2001,EGP,,,,,,,,,,,0.034,,,,,,,358700000000.0,,3213480000000.0,,,,
Egypt,EGY,2002,EGP,,,,,,,,,,,0.023700000000000002,,,,,,,378900000000.0,,3289710000000.0,,,,
Egypt,EGY,2003,EGP,,,,,,,,,,,0.0319,,,,,,,417500000000.0,,3394730000000.0,,,,
Egypt,EGY,2004,EGP,,,,,,,,,,,0.0409,,,,,,,485300000000.0,,3533570000000.0,,,,
Egypt,EGY,2004,USD,,,,,,,,,,,,,18964500000.0,,,,,,,,,,,
Egypt,EGY,2005,EGP,,,,,,,,,,,0.0447,,,,,,,538500000000.0,,3691990000000.0,,,,
Egypt,EGY,2005,USD,,,,,,,,,4031000000.0,,,,18231000000.0,,7348300000.0,,,,,,,,,
Egypt,EGY,2006,EGP,-962000000.0,,,,,3805000000.0,,42053000000.0,,,0.0684,,,,,,,617700000000.0,,3945320000000.0,45046000000.0,17124000000.0,,
Egypt,EGY,2006,USD,,,,,,,,,18455100000.0,,,,18864500000.0,,30441000000.0,,,,,,,,,
Egypt,EGY,2007,EGP,-56213000000.0,,,,,17718000000.0,,244018000000.0,,,0.0709,,,,,,,744800000000.0,,4225220000000.0005,205654000000.0,114326000000.0,,
Egypt,EGY,2007,USD,,,,,,,,,22017500000.0,,,,19492000000.0,,38308100000.0,,,,,,,,,
Egypt,EGY,2008,EGP,-67563000000.0,,,,,19849000000.0,,305795000000.0,,,0.0716,,,,,,,895500000000.0,,4527800000000.0,248835000000.0,137195000000.0,,
Egypt,EGY,2008,USD,,,,,,,,,29355800000.0,,,,21641100000.0,,52771200000.0,,,,,,,,,
Egypt,EGY,2009,EGP,-72379000000.0,,,,,22267000000.0,,356944000000.0,,,0.0467,,,,,,,1042200000000.0,,4739070000000.0,288545000000.0,163222000000.0,,
Egypt,EGY,2009,USD,,,,,,,,,25168900000.0,,,,25817700000.0,,50342200000.0,,,,,,,,,
Egypt,EGY,2010,EGP,-98886000000.0,,,,,23453000000.0,,396768000000.0,,,0.051500000000000004,,,,,,,1206600000000.0,,4983150000000.0,303361000000.0,170494000000.0,,
Egypt,EGY,2010,USD,,,,,,,,,23873100000.0,,,,26249300000.0,,48993100000.0,,,,,,,,,
Egypt,EGY,2011,EGP,-134138000000.0,,,,,26484000000.0,,440410000000.0,,,0.0176,,,,,,,1371100000000.0,,5070090000000.0,302010000000.0,192072000000.0,,
Egypt,EGY,2011,USD,,,,,,,,,26992500000.0,,,,27092200000.0,,54095500000.0,,,,,,,,,
Egypt,EGY,2012,EGP,-165689000000.0,,,,,26018000000.0,,516422000000.0,,,0.0223,,,,,,,1674700000000.0,,5183440000000.0,348865000000.0,207410000000.0,,
Egypt,EGY,2012,USD,,,,,,,,,25071900000.0,,,,25594400000.0,,59210900000.0,,,,,,,,,
Egypt,EGY,2013,EGP,-246853000000.0,,,,,28739000000.0,,644080000000.0,,,0.0219,,,,,,,1860400000000.0,,5296370000000.0,403637000000.0,251118000000.0,,
Egypt,EGY,2013,USD,,,,,,,,,26988100000.0,,,,28489600000.0,,57682800000.0,,,,,,,,,
Egypt,EGY,2014,EGP,-254715000000.0,,,,,31844000000.0,,759847000000.0,,,0.0292,,,,,,,2130000000000.0,,5451640000000.0,519449000000.0,260289000000.0,,
Egypt,EGY,2014,USD,,,,,,,,,26022600000.0,,,,29054000000.0,,60181900000.0,,,,,,,,,
Egypt,EGY,2015,EGP,-284314000000.0,,,,,41477000000.0,,805929000000.0,,,0.0437,,,,,,,2443900000000.0,,5689250000000.0,538378000000.0,305957000000.0,,
Egypt,EGY,2015,USD,,,,,,,,,22245100000.0,,,,25707200000.0,,61305500000.0,,,,,,,,,
Egypt,EGY,2016,EGP,-244653000000.0,,,,,30854000000.0,,586805000000.0,,,0.0435,,,,,,,2709400000000.0,,5936110000000.0,331741000000.0,352315000000.0,,
Egypt,EGY,2016,USD,,,,,,,,,18704600000.0,,,,24436700000.0,,57387700000.0,,,,,,,,,
Egypt,EGY,2017,EGP,-366401000000.0,,,,,48934000000.0,,1116985000000.0,,,0.0418,,,,,,,3655900000000.0,,6184850000000.0,755110000000.0,462007000000.0,,
Egypt,EGY,2017,USD,,,,,,,,,21728200000.0,,,,34874700000.0,,59003000000.0,,,,,,,,,
Egypt,EGY,2018,EGP,-425385000000.0,,,,,55002000000.0,,1335980000000.0,,,0.053099999999999994,,,,,,,4666200000000.0,,6514410000000.0,915974000000.0,628083000000.0,,
Egypt,EGY,2018,USD,,,,,,,,,25827000000.0,,,,47648800000.0,,63103000000.0,,,,,,,,,
Egypt,EGY,2019,EGP,-423019000000.0,,,,,61582000000.0,,1505187000000.0,,,0.0556,,,,,,,5596000000000.0,,6875820000000.0,1080152000000.0,736121000000.0,,
Egypt,EGY,2019,USD,,,,,,,,,28495000000.0,,,,57272000000.0,,66529399999.99999,,,,,,,,,
Egypt,EGY,2020,EGP,-408509000000.0,,,,,66868000000.0,,1580934000000.0,,,0.0357,,,,,,,6152600000000.0,,7121630000000.0,1121422000000.0,739633000000.0,,
Egypt,EGY,2020,USD,,,,,,,,,26376000000.0,,,,69352100000.0,,62841100000.0,,,,,,,,,
Egypt,EGY,2021,EGP,-459449000000.0,,,,,79426000000.0,,1729464000000.0,,,0.033,,,,,,,6663100000000.0,,7353180000000.0,1266027000000.0,833993000000.0,,
Egypt,EGY,2021,USD,,,,,,,,,28676500000.0,,,,82445600000.0,,70736100000.0,,,,,,,,,
Egypt,EGY,2022,EGP,-477486000000.0,,,,,89708000000.0,,1937165000000.0,,,0.066,,,,,,,7842500000000.0,,7842500000000.0,1483977000000.0,990138000000.0,,
Egypt,EGY,2022,USD,,,,,,,,,43906400000.0,,,,82275400000.0,,87302400000.0,,,,,,,,,
Egypt,EGY,2023,EGP,-580182000000.0,,,,,100966000000.0,,2309495000000.0,,,0.038,,,,,,,10155400000000.0,,8137300000000.0,1723717000000.0,1258582000000.0,,
Egypt,EGY,2023,USD,,,,,,,,,39624000000.0,,,,83428300000.0,,70783600000.0,,,,,,,,,
Egypt,EGY,2024,EGP,,,,,,,,,,,0.024,,,,,,,,,8332629999999.999,,,,
Egypt,EGY,2024,USD,,,,,,,,,7670000000.0,,,,80178200000.0,,72134700000.0,,,,,,,,,
Ethiopia,ETH,2011,ETB,,,,,,,,,,,,,,,,,,478900.0,,475600.0,,,,
Ethiopia,ETH,2012,ETB,,,,,,,,,,,,,,,,,,519500.0,,517000.0,,,,
Ethiopia,ETH,2013,ETB,,,,,,,,,,,,,,,,,,571700.0,,568000.0,,,,
Ethiopia,ETH,2014,ETB,,,,,,,,,,,,,,,,,,630300.0,,627000.0,,,,
Ethiopia,ETH,2014,USD,,,,,,,,,3300.1,,,,,,13712.3,,,,,,,,,
Ethiopia,ETH,2015,ETB,-30882.1,,,117145.7,,,,230521.2,,,,,,,,,,696500.0,,692000.0,199639.1,165312.5,,
Ethiopia,ETH,2015,USD,,,,,,,,,3019.1,,,,,,16458.6,,,,,,,,,
Ethiopia,ETH,2016,ETB,-36073.4,,,144184.1,,,,280892.8,,,,,,,,12.8,,1568097.5,,1568097.5,244819.4,190519.7,,
Ethiopia,ETH,2016,USD,,,,,,,,,6077.3,,,,,,20552.1,,,,,,,,,
Ethiopia,ETH,2017,ETB,-59444.0,,,153023.5,,,,329658.1,,,,,,,,12.8,,1832553.7,,1717127.2,270214.1,210172.5,,
Ethiopia,ETH,2017,USD,,,,,,,,,6257.2,,,,,,19714.0,,,,,,,,,
Ethiopia,ETH,2018,ETB,-66643.2,,,143735.1,,,,354205.3,,,,,,,,13.5,,2202372.7,,1834066.5,287562.1,235229.5,,
Ethiopia,ETH,2018,USD,,,,,,,,,7095.9,,,,,,19707.4,,,,,,,,,
Ethiopia,ETH,2019,ETB,-68169.2,,,174949.1,,,,413105.7,,,,,,,,13.5,,2696222.7,,1982516.7,344936.5,268457.4,,
Ethiopia,ETH,2019,USD,,,,,,,,,7694.9,,,,,,20704.8,,,,,,,,,
Ethiopia,ETH,2020,ETB,-93277.4,,,207576.1,,,,488243.2,,,,,,,,14.3,,3374746.9,,2109180.1,394965.8,311476.5,,
Ethiopia,ETH,2020,USD,,,,,,,,,7715.7,,,,,,18828.3,,,,,,,,,
Ethiopia,ETH,2021,ETB,-120118.5,,,235409.7,,,,599006.7,,,,,,,,14.3,,4341024.2,,2227894.7,478888.1,388763.5,,
Ethiopia,ETH,2021,USD,,,,,,,,,8498.9,,,,,,19177.0,,,,,,,,,
Ethiopia,ETH,2022,ETB,-212345.4,,,262055.7,,,,779099.0,,,,,,,,14.3,,6157015.2,,2346748.0,566753.6,477770.3,,
Ethiopia,ETH,2022,USD,,,,,,,,,10457.7,,,,,,23845.0,,,,,,,,,
Ethiopia,ETH,2023,ETB,-221184.9,,,355917.0,,,,938771.6,,,,,,,,14.3,,8723116.8,,2501498.3,717586.7,593232.1,,
Ethiopia,ETH,2023,USD,,,,,,,,,10855.8,,,,,,23430.0,,,,,,,,,
Ethiopia,ETH,2024,ETB,-246950.7,,,467457.6,,,,1120077.3,,,,,,,,14.3,,11752138.0,,2684525.0,873126.5,716172.2,,
Ethiopia,ETH,2024,USD,,,,,,,,,11763.6,,,,,,25128.0,,,,,,,,,
Ghana,GHA,2006,GHS,,,,,,,,,,,,,,,,,,7051400000.0,,16714210000.0,,,,
Ghana,GHA,2006,USD,,,,,,,,,330100000.0,,,,,,490800000.0,,,,,,,,,
Ghana,GHA,2007,GHS,,,,,,,,,,,,,,,,,,8244620000.000001,,17967280000.0,,,,
Ghana,GHA,2007,USD,,,,,,,,,358400000.0,,,,,,592300000.0,,,,,,,,,
Ghana,GHA,2008,GHS,,,,,,,,,,,,,,,,,,11129810000.0,,19410590000.0,,,,
Ghana,GHA,2008,USD,,,,,,,,,406100000.0,,,,,,781900000.0,,,,,,,,,
Ghana,GHA,2009,GHS,,,,,,,,,,,,,,,,,,12716500000.0,,20086830000.0,,,,
Ghana,GHA,2009,USD,,,,,,,,,571400000.0,,,,,,769800000.0,,,,,,,,,
Ghana,GHA,2010,GHS,,,,,,,,,,,,,,,,,,17367170000.0,,21408680000.0,,,,
Ghana,GHA,2010,USD,,,,,,,,,637600000.0,,,,,,790200000.0,,,,,,,,,
Ghana,GHA,2011,GHS,,,,,,,,,,,,,,,,,,20931120000.0,,24392300000.0,,,,
Ghana,GHA,2011,USD,,,,,,,,,941900000.0,,,,,,1131000000.0,,,,,,,,,
Ghana,GHA,2012,GHS,-329900000.0,,119300000.0,,,,,1401100000.0,,,,,,,,,,23865220000.0,,27631430000.0,1071200000.0,279600000.0,,
Ghana,GHA,2012,USD,,,,,,,,,1319600000.0,,,,,,1268100000.0,,,,,,,,,
Ghana,GHA,2013,GHS,-590000000.0,,38600000.0,,,,,1480600000.0,,,,,,,,,,28038910000.0,,29807510000.0,1454700000.0,401600000.0,,
Ghana,GHA,2013,USD,,,,,,,,,1405800000.0,,,,,,1438000000.0,,,,,,,,,
Ghana,GHA,2014,GHS,-250500000.0,,21500000.0,,,,,2003200000.0,,,,,22906670000.0,,,,,32301400000.0,,29478100000.0,1752700000.0,527299999.99999994,,
Ghana,GHA,2014,USD,,,,,,,,,1114600000.0,,,,,,1346500000.0,,,,,,,,,
Ghana,GHA,2015,GHS,-927800000.0,,507800000.0,,,,,2893400000.0,,,,,24673850000.0,,,,,42016200000.0,,32668270000.0,1965600000.0,586100000.0,,
Ghana,GHA,2015,USD,,,,,,,,,1044700000.0,,,,,,1170400000.0,,,,,,,,,
Ghana,GHA,2016,GHS,-368600000.0,,,,,,,2558900000.0,,,,,26461120000.0,,,,,53070620000.0,,32528340000.0,2222500000.0,657300000.0,,
Ghana,GHA,2016,USD,,,,,,,,,877100000.0,,,,,,1124900000.0,,,,,,,,,
Ghana,GHA,2017,GHS,-410500000.0,,,,,,,3529800000.0,,,,,29765080000.0,,,,,60905260000.0,,35011550000.0,3200600000.0,1269000000.0,,
Ghana,GHA,2017,USD,,,,,,,,,1306100000.0,,,,,,1059700000.0,,,,,,,,,
Ghana,GHA,2018,GHS,-1556300000.0,,8300000.000000001,,,,,4419300000.0,,,,,34123000000.0,,,,,72938570000.0,,38822390000.0,2991900000.0,880100000.0,,
Ghana,GHA,2018,USD,,,,,,,,,1433930000.0,,,,,,1180480000.0,,,,,,,,,
Ghana,GHA,2019,GHS,-1072300000.0,,3758200000.0,,,,,4747100000.0,,,,,36808750000.0,,,,,82086730000.0,,41103530000.0,3914200000.0,1439400000.0,,
Ghana,GHA,2019,USD,,,,,,,,,1342320000.0,,,,,,1256840000.0,,,,,,,,,
Ghana,GHA,2020,GHS,-2594200000.0,,,,,,,7195800000.0,,,,,41555700000.0,,,,,96590190000.0,,43742770000.0,4800900000.0,1912100000.0,,
Ghana,GHA,2020,USD,,,,,,,,,1437070000.0,,,,,,1128180000.0,,,,,,,,,
Ghana,GHA,2021,GHS,-1992500000.0,,,,,,,6747600000.0,,,,,53786860000.0,,,,,109446500000.0,,45450040000.0,4936100000.0,1819500000.0,,
Ghana,GHA,2021,USD,,,,,,,,,1355330000.0,,,,,,1135440000.0,,,,,,,,,
Ghana,GHA,2022,GHS,-5013400000.0,,,,,,,10229200000.0,,,,,60160800000.0,,,,,134907600000.0,,46936700000.0,5215770000.0,1511700000.0,,
Ghana,GHA,2022,USD,,,,,,,,,1218520000.0,,,,,,1135170000.0,,,,,,,,,
Ghana,GHA,2023,GHS,-3333400000.0,,2018300000.0,,,,,11852370000.0,,,,,52186880000.0,,,,,212506800000.0,,48419400000.0,8518980000.0,3194540000.0,,
Ghana,GHA,2023,USD,,,,,,,,,1506440000.0,,,,,,984060000.0,,,,,,,,,
Ghana,GHA,2024,GHS,-9420050000.0,,3245550000.0,,,,,15035920000.0,,,,,52829320000.0,,,,,272002000000.0,,50620000000.0,9979520000.0,2638320000.0,,
Ghana,GHA,2024,USD,,,,,,,,,1364990000.0,,,,,,1375470000.0,,,,,,,,,
Ghana,GHA,2025,GHS,-5428130000.0,,8411469999.999999,,,,,18894250000.0,,,,,49133440000.0,,,,,360013100000.0,,53825000000.0,12987230000.0,4681290000.0,,
Ghana,GHA,2025,USD,,,,,,,,,2408130000.0,,,,,,1410730000.0,,,,,,,,,
Ivory Coast,CIV,1960,XOF,,,1500000000.0,,,,,24300000000.0,,,,,,,,,,140700000000.0,,,25800000000.0,24500000000.0,,
Ivory Coast,CIV,1961,XOF,,,2300000000.0,,,,,28600000000.0,,,,,,,,,,159300000000.0,,,30900000000.0,29900000000.0,,
Ivory Coast,CIV,1962,XOF,-900000000.0,,,,,,,31800000000.0,,,,,,,,,,166100000000.0,,,30900000000.0,29800000000.0,,
Ivory Coast,CIV,1963,XOF,,,1200000000.0,,,,,33600000000.0,,,,,,,,,,195900000000.0,,,34800000000.0,33900000000.0,,
Ivory Coast,CIV,1964,XOF,,,300000000.0,,,,,43800000000.0,73186000000.0,,,,,,,,,237100000000.0,,,44100000000.0,42700000000.0,,
Ivory Coast,CIV,1965,XOF,-2600000000.0,,,,,,,51500000000.0,68418200000.0,,,,,,58343000000.0,,,236800000000.0,,3864540000000.0,48900000000.0,48900000000.0,,
Ivory Coast,CIV,1966,XOF,-4700000000.0,,,,,,,58200000000.0,76658500000.0,,,,,,62792000000.0,,,236800000000.0,,4311880000000.0,53500000000.0,50600000000.0,,
Ivory Coast,CIV,1967,XOF,-6400000000.0,,,,,,,59100000000.0,80262600000.0,,,,,,65050000000.0,,,257300000000.0,,4509990000000.0,52700000000.0,47800000000.0,,
Ivory Coast,CIV,1968,XOF,,,2200000000.0,,,,,71500000000.0,104224600000.0,,,,,,75831000000.0,,,274399999999.99997,,5075850000000.0,73700000000.0,69300000000.0,,
Ivory Coast,CIV,1969,XOF,-8300000000.000001,,,,,,,80300000000.0,,,,,,,,,,325100000000.0,,5560110000000.0,72000000000.0,69400000000.0,,
Ivory Coast,CIV,1970,XOF,-13400000000.0,,,,,,,96800000000.0,130190400000.0,,,,,,107704000000.0,,,364000000000.0,,6137150000000.0,83400000000.0,83000000000.0,,
Ivory Coast,CIV,1971,XOF,-20400000000.0,,,,,,,110800000000.0,126558500000.0,,,,,,110838000000.0,,,414000000000.0,,6717570000000.0,90400000000.0,89900000000.0,,
Ivory Coast,CIV,1972,XOF,-6300000000.0,,,,,,,108500000000.0,139540700000.0,,,,,,114317000000.0,,,439300000000.0,,7002030000000.0,102200000000.0,102200000000.0,,
Ivory Coast,CIV,1973,XOF,-6600000000.0,,,,,,,125300000000.0,190856300000.0,,,,,,157522000000.0,,,471600000000.0,,7417880000000.0,118700000000.0,117700000000.0,,
Ivory Coast,CIV,1974,XOF,-1100000000.0,,,,,,,156600000000.0,291770500000.0,,,,,,232286000000.0,,,559100000000.0,,7738910000000.0,155500000000.0,139600000000.0,,
Ivory Coast,CIV,1975,XOF,-18200000000.0,,,,,,,231300000000.0,254571700000.0,,,,,,241393000000.0,,,566200000000.0,,8377580000000.0,213100000000.0,168300000000.0,,
Ivory Coast,CIV,1976,XOF,-41100000000.0,,,,,,,362700000000.0,392501000000.0,,,,,,311607000000.0,,,739000000000.0,,9459530000000.0,321600000000.0,236700000000.0,,
Ivory Coast,CIV,1977,XOF,,,20200000000.0,,,,,568400000000.0,529211699999.99994,,,,,,429566000000.0,,,834500000000.0,,10151710000000.0,588600000000.0,317800000000.0,,
Ivory Coast,CIV,1978,XOF,-148700000000.0,,,,,,,755700000000.0,524382199999.99994,,,,,,522502000000.0,,,939900000000.0,,11259050000000.0,607000000000.0,370600000000.0,,
Ivory Coast,CIV,1979,XOF,-202000000000.0,,,,,,,843000000000.0,534846900000.0,,,,,,528850000000.0,,,1539200000000.0,,11528610000000.0,641000000000.0,406100000000.0,,
Ivory Coast,CIV,1980,XOF,-272000000000.0,,,,,,,890000000000.0,663919000000.0,,,,,,631899000000.0,,,1782800000000.0,,10265490000000.0,618000000000.0,459700000000.0,,
Ivory Coast,CIV,1981,XOF,-260000000000.0,,,,,,,891000000000.0,689298000000.0,,,,,,653321000000.0,,,1944900000000.0,,10624780000000.0,631000000000.0,525400000000.0,,
Ivory Coast,CIV,1982,XOF,-331100000000.0,,,,,,,1003100000000.0,747452000000.0,,,,,,718593000000.0,,,2149900000000.0,,10646120000000.0,672000000000.0,546299999999.99994,,
Ivory Coast,CIV,1983,XOF,-262000000000.0,,,,,,,1025000000000.0,796774000000.0,,,,,,704249000000.0,,,2291400000000.0,,10230950000000.0,763000000000.0,548200000000.00006,,
Ivory Coast,CIV,1984,XOF,-29000000000.0,,,,,,,925000000000.0,1184347000000.0,,,,,,658569000000.0,,,2486600000000.0,,9954620000000.0,896000000000.0,587000000000.0,,
Ivory Coast,CIV,1985,XOF,,,90000000000.0,,,,,1006000000000.0,1318100000000.0,,,,,,773000000000.0,,,3135000000000.0,,10402640000000.0,1096000000000.0,621000000000.0,,
Ivory Coast,CIV,1986,XOF,-95500000000.0,,,,,,,1035000000000.0,1160400000000.0,,,,,,709000000000.0,,,3172000000000.0,,10741610000000.0,939500000000.0,660200000000.0,,
Ivory Coast,CIV,1987,XOF,-257000000000.0,,,,,,,1051200000000.0,929100000000.0,,,,,,673900000000.0,,,3031800000000.0,,10710120000000.0,794200000000.0,670400000000.0,,
Ivory Coast,CIV,1988,XOF,-447100000000.0,,,,,,,1236300000000.0,826500000000.0,,,,,,619900000000.0,,,3054500000000.0,,10822210000000.0,789200000000.0,624000000000.0,,
Ivory Coast,CIV,1989,XOF,-517900000000.0,,,,,,,1197500000000.0,895700000000.0,,,,,,673400000000.0,,,3109500000000.0,,11146630000000.0,679600000000.0,563200000000.0,,
Ivory Coast,CIV,1990,XOF,-352200000000.0,,,,,,,983000000000.0,793012400000.0,,,,,,571103300000.0,,,3725610000000.0,,11023700000000.0,630800000000.0,516100000000.0,,
Ivory Coast,CIV,1991,XOF,-384300000000.0,,,,,,,973800000000.0,763073900000.0,,,,,,593373700000.0,,,4089150000000.0,,11023700000000.0,589500000000.0,499900000000.0,,
Ivory Coast,CIV,1992,XOF,-344800000000.0,,,,,,,942300000000.0,801362700000.0,,,,,,615149100000.0,,,4076320000000.0,,11013980000000.0,597500000000.0,499800000000.0,,
Ivory Coast,CIV,1993,XOF,-350900000000.0,,,,,,,883900000000.0,713229000000.0,,,,,,570473300000.0,,,4073260000000.0,,10968860000000.0,533000000000.0,435300000000.0,,
Ivory Coast,CIV,1994,XOF,-289400000000.0,,,,,,,1166000000000.0,1522420000000.0,,,,,,1056147000000.0,,,5883590000000.0,,11199080000000.0,876600000000.0,678500000000.0,,
Ivory Coast,CIV,1995,XOF,-184300000000.0,,,,,,,1322600000000.0,1819297000000.0,,,,,,1469768000000.0,,,7558210000000.0,,11994340000000.0,1138300000000.0,897400000000.0,,
Ivory Coast,CIV,1996,XOF,-112600000000.0,,,,,,,1385100000000.0,2188326000000.0,,,,,,1443422000000.0,,,8584260000000.0,,12821840000000.0,1272500000000.0,1040700000000.0,,
Ivory Coast,CIV,1997,XOF,-122400000000.0,,,,,,,1494500000000.0,2495623000000.0,,,,,,1608649000000.0,,,9457930000000.0,,13555620000000.0,1372100000000.0,1112800000000.0,,
Ivory Coast,CIV,1998,XOF,-118300000000.0,,,,,,,1557400000000.0,2592600000000.0,,,,,,1764600000000.0,,,10285480000000.0,,14224030000000.0,1439100000000.0,1142100000000.0,,
Ivory Coast,CIV,1999,XOF,-185100000000.0,,,,,,,1521600000000.0,2758513000000.0,,,,,,1777816000000.0,,,10533970000000.0,,14454080000000.0,1336500000000.0,1149100000000.0,,
Ivory Coast,CIV,2000,XOF,-89600000000.0,,,,,,,1360200000000.0,2534366000000.0,,,,,,1771560000000.0,,,10547730000000.0,,14155120000000.0,1270600000000.0,1077500000000.0,,
Ivory Coast,CIV,2001,XOF,,,69700000000.0,,,,,1306900000000.0,2669423000000.0,,,,,,1867237000000.0,,,11341650000000.0,,14172300000000.0,1376600000000.0,1168400000000.0,,
Ivory Coast,CIV,2002,XOF,-122100000000.0,,,,,,,1591600000000.0,3456184000000.0,,,,,,1816340000000.0,,,11896020000000.0,,13935970000000.0,1469500000000.0,1259300000000.0,,
Ivory Coast,CIV,2003,XOF,-209800000000.0,,,,,,,1611000000000.0,3189550000000.0,,,,,,2048404000000.0,,,12297640000000.0,,13746520000000.0,1401200000000.0,1189900000000.0,,
Ivory Coast,CIV,2004,XOF,-150900000000.0,,,,,,,1665000000000.0,3655377000000.0,,,,,,2486800000000.0,,,12089310000000.0,,13915810000000.0,1514100000000.0,1241400000000.0,,
Ivory Coast,CIV,2005,XOF,-147700000000.0,,,,,,,1713700000000.0,3809246300000.0,,,,,,3353872600000.0,,,12456780000000.0,,14155330000000.0,1566000000000.0,1251200000000.0,,
Ivory Coast,CIV,2006,XOF,-126500000000.0,,,,,,,1742000000000.0,4206857099999.9995,,,,,,3325441200000.0,,,12866770000000.0,,14369920000000.0,1615500000000.0,1364000000000.0,,
Ivory Coast,CIV,2007,XOF,-78200000000.0,,,,,,,1949400000000.0,3865586900000.0,,,,,,3705459200000.0,,,13477740000000.0,,14623520000000.0,1871200000000.0,1468100000000.0,,
Ivory Coast,CIV,2008,XOF,-41100000000.0,,,,,,,2201200000000.0,4409963600000.0,,,,,,3793000500000.0,,,14994950000000.0,,14995380000000.0,2160100000000.0,1626400000000.0,,
Ivory Coast,CIV,2009,XOF,,,98200000000.0,,,,,2375700000000.0,5077175400000.0,,,,,,3593018600000.0,,,15845230000000.0,,15482950000000.0,2473900000000.0,1888700000000.0,,
Ivory Coast,CIV,2010,XOF,-216100000000.0,,,,,,,2498800000000.0,5539717600000.0,,,,,,4412291500000.0,,,17035939999999.998,,15795040000000.0,2282700000000.0,1928500000000.0,,
Ivory Coast,CIV,2011,XOF,-485500000000.0,,,,,,,2211400000000.0,5797514600000.0,,,,,,3595631800000.0,,,16743150000000.002,,15132220000000.0,1725900000000.0,1493100000000.0,,
Ivory Coast,CIV,2012,XOF,-432500000000.0,,,,,,,3054000000000.0,6041005800000.0,,,,,,5506532200000.0,,,18907190000000.0,,16660360000000.0,2621500000000.0,2213000000000.0,,
Ivory Coast,CIV,2013,XOF,-346100000000.0,,,,,,,3385600000000.0,7157155800000.0,,,,,,6537302200000.0,,,21351390000000.0,,18204540000000.0,3039500000000.0,2408600000000.0,,
Ivory Coast,CIV,2014,XOF,-376300000000.0,,,,,,,3669600000000.0,6752676300000.0,,,,,,7549000000.0,,,24137130000000.0,,19804550000000.0,3293300000000.0,2573300000000.0,,
Ivory Coast,CIV,2015,XOF,-553200000000.0,,,,,,,4470000000000.0,7741831800000.0,,,,,,7156700000.0,,,27086370000000.0,,21555730000000.0,3916800000000.0,2954900000000.0,,
Ivory Coast,CIV,2016,XOF,-838500000000.0,,,,,,,5015100000000.0,6446574500000.0,,,,,,4958645600000.0,,,28686710000000.0,,23101870000000.0,4176600000000.0005,3352600000000.0,,
Ivory Coast,CIV,2017,XOF,-998400000000.0,,,,,,,5521800000000.0,6882163200000.0,,,,,,5185887600000.0,,,30491650000000.0,,24813900000000.0,4523400000000.0,3458100000000.0,,
Ivory Coast,CIV,2018,XOF,-944300000000.0,,,,,,,5708400000000.0,6563596600000.0,,,,,,5913143400000.0,,,32506100000000.0,,26015670000000.0,4764100000000.0,3651100000000.0,,
Ivory Coast,CIV,2019,XOF,-785400000000.0,,,,,,,5943800000000.0,7325218600000.0,,,,,,5996689200000.0,,,35379000000000.0,,27764280000000.0,5158400000000.0,3972300000000.0,,
Ivory Coast,CIV,2020,XOF,-1965800000000.0,,,,,,,7255100000000.0,7155856500000.0,,,,,,6040347100000.0,,,36277950000000.0,,27958560000000.0,5289300000000.0,4149200000000.0,,
Ivory Coast,CIV,2021,XOF,-1961900000000.0,,,,,,,8102100000000.0,8363019000000.0,,,,,,7627993100000.0,,,40366860000000.0,,29933360000000.0,6140200000000.0,5096000000000.0,,
Ivory Coast,CIV,2022,XOF,-2981800000000.0,,,,,,,9666200000000.0,9988614400000.0,,,,,,10708714400000.0,,,43771180000000.0,,31794570000000.0,6684400000000.0,5616700000000.0,,
Ivory Coast,CIV,2023,XOF,-2508100000000.0,,,,,,,10279800000000.0,,,,,,,,,,47790920000000.0,,33872650000000.0,7771700000000.0,6508000000000.0,,
Ivory Coast,CIV,2024,XOF,-2120600000000.0,,,,,,,10896500000000.0,,,,,,,,,,52400000000000.0,,35924430000000.0,8775900000000.0,7533800000000.0,,
Kenya,KEN,1998,Ksh,,,,,,,,,9149200000.0,,,,,,15523000000.0,,,,,,,,,
Kenya,KEN,1999,Ksh,,,,,,,,,9006800000.0,,,,,,13452900000.0,,,,,,,,,
Kenya,KEN,2000,Ksh,,,,18584000000.0,,,,175119000000.0,9124300000.0,,,,,,17197200000.0,,,967838000000.0,,982855000000.0,178443000000.0,152444000000.0,,40944000000.0
Kenya,KEN,2001,Ksh,,,,13659000000.0,,,,123391000000.0,13537000000.0,,,,,,20740700000.0,,,1020022000000.0,,1020111000000.0,107283000000.0,90241000000.0,,27924000000.0
Kenya,KEN,2002,Ksh,,,,10555000000.0,,,,122427000000.0,14456600000.0,,,,,,33559600000.0,,,1035374000000.0,,1025583000000.0,107060000000.0,90212000000.0,,29723000000.0
Kenya,KEN,2003,Ksh,,,,17438000000.0,,,,143691000000.0,16737400000.000002,,,,,,24319800000.0,,,1131783000000.0,,1055658000000.0,114306000000.0,96782000000.0,,32540000000.0
Kenya,KEN,2004,Ksh,,,,16894000000.0,,,,146010000000.0,16390599999.999998,,,,,,25538400000.0,,,1274328000000.0,,1109338000000.0,130095000000.0,108080000000.0,,33458000000.0
Kenya,KEN,2005,Ksh,,,,21388000000.0,,,,158123000000.0,19840100000.0,,,,,,38506000000.0,,,1415823000000.0,,1172784000000.0,165646000000.0,138298000000.0,,43434000000.0
Kenya,KEN,2006,Ksh,,,,30397000000.0,,,,209791000000.0,17178200000.0,,,,,,39630500000.0,,,1622565000000.0,,1249470000000.0,169821000000.0,145000000000.0,,41172000000.0
Kenya,KEN,2007,Ksh,,,,36409000000.0,,,,219726000000.0,20877700000.0,,,,,,48294200000.0,,,1833511000000.0,,1336849000000.0,195320000000.0,165473000000.0,,53015000000.0
Kenya,KEN,2008,Ksh,,,,61951000000.0,,,,283616000000.0,23753500000.0,,,,,,64341000000.0,,,2107589000000.0,,1357262000000.0,241522000000.0,207445000000.0,,66249000000.0
Kenya,KEN,2009,Ksh,,,,62947000000.0,,,,301536000000.0,27359800000.0,,,,,,66177200000.0,,,3275642000000.0,,5361462000000.0,271194000000.0,233418000000.0,,74678000000.0
Kenya,KEN,2010,Ksh,,,,91807000000.0,,,,374246000000.0,30602600000.0,,,,,,71198900000.0,,,3597630000000.0,,5793514000000.0,304531000000.0,259767000000.0,,81309000000.0
Kenya,KEN,2011,Ksh,,,,113899500000.0,,,,434101500000.0,35457800000.0,,,,,,90527900000.0,,,4162514000000.0,,6090206000000.0,350725000000.0,302869000000.0,,98612000000.0
Kenya,KEN,2012,Ksh,,,,137335600000.0,,,,509200200000.0,42365100000.0,,,,,,101658500000.0,,,4767191000000.0,,6368448000000.0,362116000000.0,332835300000.0,,100781700000.0
Kenya,KEN,2013,Ksh,,,,151162200000.0,,,,589548700000.0,47116300000.0,,,,,,130764500000.0,,,5311322000000.0,,6610312000000.0,419576400000.0,380793300000.0,,105042100000.0
Kenya,KEN,2014,Ksh,,,,124805600000.0,,,,669839600000.0,43062500000.0,,,,,,130116500000.0,,,6003835000000.0,,6942157000000.0,538800900000.0,484350300000.0,,132020400000.0
Kenya,KEN,2015,Ksh,,,,196861200000.0,,,,764835700000.0,41163000000.0,,,,,,127648500000.0,,,6884317000000.0,,7287024000000.0,611056300000.0,558210800000.0,,147620000000.0
Kenya,KEN,2016,Ksh,,,,224147700000.0,,,,888866600000.0,48023500000.0,,,,,,106483200000.0,,,7594064000000.0,,7594064000000.0,670940500000.0,609240300000.0,,163068700000.0
Kenya,KEN,2017,Ksh,,,,333425700000.0,,,,1082905300000.0,48834000000.0,,,,,,150734100000.0,,,8483396000000.0,,7885521000000.0,772694600000.0,686239700000.0,,190043700000.0
Kenya,KEN,2018,Ksh,,,,209851200000.0,,,,1077038700000.0,53448100000.0,,,,,,157516900000.0,,,9340307000000.0,,8330891000000.0,840619000000.0,755215400000.0,,203206600000.0
Kenya,KEN,2019,Ksh,,,,328606700000.0,,,,1291663000000.0,53290300000.0,,,183969500000.0,,,155919700000.0,,,10237727300000.0,,8756945600000.0,924807000000.0,805372400000.0,,232443600000.0
Kenya,KEN,2020,Ksh,,,,335160300000.0,,,,1436864100000.0,53126200000.0,,,178891900000.0,,,155430900000.0,,,10715070000000.0,,8733060300000.001,1061498399999.9999,874538900000.0,,245673500000.0
Kenya,KEN,2021,Ksh,,,,246798400000.0,,,,1347104200000.0,54313600000.0,,,188976300000.0,,,160717200000.0,,,12027661500000.0,,9395942100000.0,937044000000.0,779269800000.0,,215787100000.0
Kenya,KEN,2022,Ksh,,,,256755100000.0,,,,1544540000000.0,59550800000.0,,,194626900000.0,,,194180100000.0,,,13489641500000.0,,9852582900000.0,1193501200000.0,1010496300000.0,,296291900000.0
Kenya,KEN,2023,Ksh,,,,234827200000.0,,,,1611231500000.0,72919300000.0,,,201841000000.0,,,194552100000.0,,,15108805900000.0,,10399980200000.0,1310802100000.0,1103875900000.0,,311658600000.0
Kenya,KEN,2024,Ksh,,,,235068200000.0,,,,1815184400000.0,91675600000.0,,,,,,244404600000.0,,,4044263000000.0,,2720702000000.0,1500906600000.0,1215865800000.0,,374950300000.0
Kenya,KEN,2025,Ksh,,,,290101400000.0,,,,2068187500000.0,,,,,,,,,,,,,1564875400000.0,1251417700000.0,,365346600000.0
Nigeria,NGA,1981,NGN,,,,6570000000.0,,,,,11023300000.0,,,,,,12839600000.0,,,139310000000.0,,19748530000000.0,,,,
Nigeria,NGA,1982,NGN,,,,6420000000.0,,,,,8206400000.0,,,,,,10770500000.0,,,149050000000.0,,18404960000000.0,,,,
Nigeria,NGA,1983,NGN,,,,4890000000.0,,,,,7502500000.0,,,,,,8903700000.0,,,158750000000.0,,16394390000000.0,,,,
Nigeria,NGA,1984,NGN,,,,4099999999.9999995,,,,,9088000000.0,,,,,,7178300000.0,,,165850000000.0,,16211490000000.0,,,,
Nigeria,NGA,1985,NGN,,,,5460000000.0,,,,,11720800000.0,,,,,,7062600000.0,,,187830000000.0,,17170080000000.002,,,,
Nigeria,NGA,1986,NGN,,,,8529999999.999999,,,,,8920600000.0,,,,,,5983600000.0,,,198120000000.0,,17180550000000.0,,,,
Nigeria,NGA,1987,NGN,,,,6370000000.0,,,,,30360600000.0,,,,,,17861700000.0,,,244680000000.0,,17730340000000.0,,,,
Nigeria,NGA,1988,NGN,,,,8340000000.0,,,,,31192800000.0,,,,,,21445700000.0,,,315620000000.0,,19030690000000.0,,,,
Nigeria,NGA,1989,NGN,,,,15030000000.0,,,,,57971200000.0,,,,,,30860200000.0,,,414860000000.0,,19395960000000.0,,,,
Nigeria,NGA,1990,NGN,,,,24050000000.0,,,,,109886100000.0,,,,,,45717900000.0,,,494640000000.0,,21680200000000.0,,,,
Nigeria,NGA,1991,NGN,,,,28340000000.0,,,,,121535400000.0,,,,,,89488200000.0,,,590060000000.0,,21757900000000.0,,,,
Nigeria,NGA,1992,NGN,,,,39760000000.0,,,,,205611700000.0,,,,,,143151200000.0,,,906030000000.0,,22765550000000.0,,,,
Nigeria,NGA,1993,NGN,,,,54500000000.0,,,,,218770100000.0,,,,,,165629400000.0,,,1257170000000.0,,22302240000000.0,,,,
Nigeria,NGA,1994,NGN,,,,70920000000.0,,,,,206059200000.0,,,,,,162788800000.0,,,1768790000000.0,,21897470000000.0,,,,
Nigeria,NGA,1995,NGN,,,,121140000000.0,,,,,950661400000.0,,,,,,755127700000.0,,,3100240000000.0,,21881560000000.0,,,,
Nigeria,NGA,1996,NGN,,,,212930000000.0,,,,,1309543400000.0,,,,,,562626600000.0,,,4086070000000.0,,22799690000000.0,,,,
Nigeria,NGA,1997,NGN,,,,269649999999.99997,,,,,1241662700000.0,,,,,,845716600000.0,,,4418710000000.0,,23469340000000.0,,,,
Nigeria,NGA,1998,NGN,,,,309020000000.0,,,,,751856700000.0,,,,,,837418700000.0,,,4805160000000.0,,24075150000000.0,,,,
Nigeria,NGA,1999,NGN,,,,498030000000.0,,,,,1188969800000.0,,,,,,862515700000.0,,,5482350000000.0,,24215780000000.0,,,,
Nigeria,NGA,2000,NGN,,,,239450000000.0,,43400000000.0,,,1945723300000.0,,,,,15220000000.0,985022390000.0,,,7062750000000.0,,25430420000000.0,,,,
Nigeria,NGA,2001,NGN,,,,438700000000.0,,47070000000.0,,,1867953850000.0,,,,,24520000000.0,1358180330000.0,,,8234490000000.0,,26935320000000.0,,,,
Nigeria,NGA,2002,NGN,,,,321380000000.0,,69130000000.0,,,1744177680000.0,,,,,40620000000.0,1512695330000.0,,,11501450000000.0,,31064270000000.0,,,,
Nigeria,NGA,2003,NGN,,,,241690000000.0,,51060000000.0,,,3087886390000.0,,,,,33270000000.000004,2080235270000.0,,,13556970000000.0,,33346620000000.004,,,,
Nigeria,NGA,2004,NGN,,,,351300000000.0,,76300000000.0,,,4602781540000.0,,,,,34200000000.000004,1987045270000.0,,,18124060000000.0,,36431370000000.0,,,,
Nigeria,NGA,2005,NGN,,,,519500000000.0,,71700000000.0,,,7246534800000.0,,,,,55700000000.0,2800856330000.0,,,23121880000000.0,,38777010000000.0,,,,
Nigeria,NGA,2006,NGN,,,,552400000000.0,,84200000000.0,,,7324680630000.0,,,,,62250000000.0,3108519320000.0,,,30375180000000.0,,41126680000000.0,,,,
Nigeria,NGA,2007,NGN,,,,759320000000.0,,72100000000.0,,,8309758320000.0,,,,,81910000000.0,3911952630000.0,,,34675940000000.004,,43837390000000.0,,,,
Nigeria,NGA,2008,NGN,,,,960890000000.0,,95850000000.0,,,10387693620000.0,,,,,98220000000.0,5593180450000.0,,,39954210000000.0,,46802760000000.0,,,,
Nigeria,NGA,2009,NGN,,,,1152800000000.0,,54840000000.0,,,8606319720000.001,,,,,90200000000.0,5480656120000.0,,,43461460000000.0,,50564260000000.0,,,,
Nigeria,NGA,2010,NGN,-607540410000.0,,25009200000.0,883870000000.0,,198710000000.0,,3996445810000.0,12011475870000.0,,,,,99100000000.0,8163974570000.0,,,55469350000000.0,,55469350000000.0,3388905400000.0,,,
Nigeria,NGA,2011,NGN,-816986700000.0,,307833400000.0,918550000000.0,,283200000000.0,,4193968200000.0,15236665990000.0,,,,,231800000000.0,10995863630000.0,,,63713360000000.0,,58180350000000.0,3376981500000.0,,,
Nigeria,NGA,2012,NGN,-949230000000.0,,106913000000.0,874700000000.0,,296800000000.0,,4105237600000.0,15139326130000.0,,,,,197900000000.0,9766556740000.0,,,72599630000000.0,,60670050000000.0,3156007600000.0,,,
Nigeria,NGA,2013,NGN,-1153490200000.0,,147158000000.0,1108390000000.0,,272300000000.0,,4515685200000.0,15262013610000.0,,,,,180000000000.0,9439424710000.0,,,81009960000000.0,,63942850000000.0,3362195000000.0,,,119510260000.0
Nigeria,NGA,2014,NGN,-835644000000.0,,47746000000.0,783120000000.0,,274529999999.99997,,4123415000000.0,12962026840000.0,,,,,195980000000.0,10538914510000.0,,,90136980000000.0,,67977460000000.01,3287771000000.0,,,127048640000.0
Nigeria,NGA,2015,NGN,-1557800000000.0,,13489000000.0,818370000000.0,,330590000000.0,,4767365000000.0,8845158810000.0,,,,,257700000000.0,11076068340000.0,,,95177740000000.0,,69780690000000.0,3209565000000.0,,,759432700000.0
Nigeria,NGA,2016,NGN,-2140043350000.0,,89609000000.0,653610000000.0,,380170000000.0,,5320416000000.0,8835611910000.0,,,,,200820000000.0,9480366870000.0,,,102575420000000.0,,68652429999999.99,3180372650000.0,,,777504700000.0
Nigeria,NGA,2017,NGN,-5101243340000.0,,234069000000.0,1242300000000.0,,361920000000.0,,8720168000000.0,13988143190000.0,,,,19159809160000.0,245190000000.0,10804845850000.0,,,114899250000000.0,,69205690000000.0,3618924660000.0,,,972348410000.0
Nigeria,NGA,2018,NGN,-3584739000000.0,,,1682100000000.0,,442150000000.0,,7538027000000.0,18707327430000.0,,,,22707203790000.0,296440000000.0,13445112750000.0,,,129086910000000.0,,70536350000000.0,3953288000000.0,,,1108040570000.0
Nigeria,NGA,2019,NGN,-4915356000000.0,,,2289000000000.0,,588780000000.0,,9454440000000.0,19910533800000.0,,,,24947081080000.0,388230000000.0,20449968390000.0,,,145639140000000.0,,72094090000000.0,4539084000000.0,,,1184580580000.0
Nigeria,NGA,2020,NGN,-6171796000000.0,,,1614890000000.0,,642060000000.0,,9953600000000.0,12613592700000.0,,,,28628493630000.0,423360000000.0,20519192150000.0,,,154252320000000.0,,70800540000000.0,3781804000000.0,,,1531170810000.0
Nigeria,NGA,2021,NGN,-6910166000000.0,,,2522470000000.0,,612530000000.0,,11698615000000.0,19204170870000.0,,,,33107247230000.0,386240000000.0,22954835520000.0,,,176075500000000.0,,73382770000000.0,4788449000000.0,,,496390010000.0
Nigeria,NGA,2022,NGN,-9330372000000.0,,,3133820000000.0,,693850000000.0,,14634244000000.0,27251572390000.0,,,,41604057450000.0,437520000000.0,27115108580000.0,,,202365020000000.0,,75768950000000.0,5303872000000.0,,,697378910000.0
Nigeria,NGA,2023,NGN,-13501819000000.0,,,4486210000000.0,,743200000000.0,,19500079000000.0,36247788330000.0,,,,49853685260000.0,468640000000.0,32642666150000.0,,,234425910000000.0,,77936100000000.0,5998260000000.0,,,3639316850000.0
Nigeria,NGA,2024,NGN,-961579000000.0,,,0.0,,,,1411236000000.0,19167359190000.0,,,,121670881490000.0,,13970054030000.0,,,277493780000000.03,,80606530000000.0,449657000000.0,,,1430919370000.0
Nigeria,NGA,2025,NGN,,,,,,,,,6791847350000.0,,,,,,5493728480000.0,,,,,,,,,
Rwanda,RWA,1990,RWF,,,,12650000000.0,,,,43870000000.0,,,,,,,,,,,,,21000000000.0,18200000000.0,,
Rwanda,RWA,1991,RWF,,,,16790000000.0,,,,54410000000.0,,,,,,,,,,,,,24500000000.0,21300000000.0,,
Rwanda,RWA,1992,RWF,,,,20060000000.0,,,,66480000000.00001,,,,,,,,,,,,,27000000000.0,23600000000.0,,
Rwanda,RWA,1993,RWF,,,,21640000000.0,,,,68250000000.0,,,,,,,,,,,,,25400000000.0,23400000000.0,,
Rwanda,RWA,1994,RWF,,,,4410000000.0,,,,26590000000.0,,,,,,,,,,,,,5900000000.0,5900000000.0,,
Rwanda,RWA,1995,RWF,,,,27300000000.0,,,,69390000000.0,,,,,,,,,,,,,23000000000.0,21600000000.0,,
Rwanda,RWA,1996,RWF,,,,39540000000.0,,,,95290000000.0,,,,,,,,,,,,,39100000000.0,35900000000.0,,
Rwanda,RWA,1997,RWF,,,,46190000000.0,,,,109610000000.0,,,,,,,,,,,,,57700000000.0,54600000000.0,,
Rwanda,RWA,1998,RWF,,,,42250000000.0,,,,117430000000.0,,,,,,,,,,,,,65500000000.0,62100000000.0,,
Rwanda,RWA,1999,RWF,,,,74010000000.0,,,,161600000000.0,,,,,,,,,,720000000000.0,,2066000000000.0,65200000000.0,61500000000.0,,
Rwanda,RWA,2000,RWF,,,,58810000000.0,,,,147470000000.0,,,8400000000.0,,,,,,,806000000000.0,,2239000000000.0,67900000000.00001,64700000000.0,,
Rwanda,RWA,2001,RWF,,,,57310000000.0,,,,166690000000.0,,,8500000000.0,,,,,,,871000000000.0,,2429000000000.0,85600000000.0,78900000000.0,,
Rwanda,RWA,2002,RWF,,,,57950000000.0,,,,191810000000.0,,,13200000000.0,,,,,,,935000000000.0,,2750000000000.0,100400000000.0,93800000000.0,,
Rwanda,RWA,2003,RWF,,,,50990000000.0,,,,214970000000.0,,,2200000000.0,,,,,,,1150000000000.0,,2810000000000.0,121700000000.0,114000000000.0,,
Rwanda,RWA,2004,RWF,,,,81450000000.0,,,,266839999999.99997,,,7400000000.0,,,,,,,1372000000000.0,,3020000000000.0,146300000000.0,133900000000.0,,
Rwanda,RWA,2005,RWF,,,,110550000000.0,,,,332860000000.0,,,9400000000.0,,,,,,,1637000000000.0,,3303000000000.0,179600000000.0,161800000000.0,,
Rwanda,RWA,2006,RWF,,,,126140000000.0,,,,386570000000.0,,,9200000000.0,,,,,,,1832000000000.0,,3607000000000.0,207400000000.0,192800000000.0,,
Rwanda,RWA,2007,RWF,,,,186180000000.0,,,,490740000000.0,,,7600000000.0,,,,,,,2226000000000.0,,3883000000000.0,256899999999.99997,241800000000.0,,
Rwanda,RWA,2008,RWF,,,,267760000000.0,,,,649740000000.0,,,11200000000.0,,,,,,,2833000000000.0,,4316000000000.0,379900000000.0,327600000000.0,,
Rwanda,RWA,2009,RWF,,,,295230000000.0,,,,754290000000.0,,,6200000000.0,,,,,,,3225000000000.0,,4586000000000.0,380600000000.0,364000000000.0,,
Rwanda,RWA,2010,RWF,,,,350100000000.0,,,,879370000000.0,,,7300000000.0,,694380000000.0,,,,,3572000000000.0,,4922000000000.0,430900000000.0,412800000000.0,,
Rwanda,RWA,2011,RWF,,,,447940000000.0,,,,998130000000.0,,,8000000000.0,,854650000000.0,,,,,4133000000000.0,,5314000000000.0,541600000000.0,505000000000.0,,
Rwanda,RWA,2012,RWF,,,,513900000000.0,,,,1174550000000.0,,,8600000000.0,,980710000000.0,,,,,4702000000000.0,,5773000000000.0,697900000000.0,645800000000.0,,
Rwanda,RWA,2013,RWF,,,,649450000000.0,,,,1455380000000.0,,,4700000000.0,,1393370000000.0,,,,,5057000000000.0,,6046000000000.0,799200000000.0,707000000000.0,,
Rwanda,RWA,2014,RWF,,,,718170000000.0,,,,1653870000000.0,,,6200000000.0,,1677360000000.0,,,,,5623000000000.0,,6418000000000.0,903000000000.0,810300000000.0,,
Rwanda,RWA,2014,USD,,,,,,,,,92200000.0,,,,,,520840000.00000006,,,,,,,,,
Rwanda,RWA,2015,RWF,,,,776100000000.0,,,,1749600000000.0,,,8900000000.0,,2118040000000.0,,,,,6150000000000.0,,6987000000000.0,1082800000000.0,928100000000.0,,
Rwanda,RWA,2015,USD,,,,,,,,,100600000.0,,,,,,432610000.0,,,,,,,,,
Rwanda,RWA,2016,RWF,,,,701300000000.0,,,,1813700000000.0,,,6000000000.0,,3056920000000.0,,,,,6845000000000.0,,7404000000000.0,1225800000000.0,1044599999999.9999,,
Rwanda,RWA,2016,USD,,,,,,,,,92100000.0,,,,,,666430000.0,,,,,,,,,
Rwanda,RWA,2017,RWF,,,,814900000000.0,,,,2093290000000.0,,,3900000000.0,,3749200000000.0,,,,,7694000000000.0,,7694000000000.0,1377200000000.0,1180000000000.0,,
Rwanda,RWA,2017,USD,,,,,,,,,92000000.0,,,,,,635790000.0,,,,,,,,,
Rwanda,RWA,2018,RWF,,,,939920000000.0,,,,2373690000000.0,,,8500000000.0,,4344939999999.9995,,,,,8299000000000.0,,8350000000000.0,1576700000000.0,1324700000000.0,,
Rwanda,RWA,2018,USD,,,,,,,,,170800000.0,,,,,,674780000.0,,,,,,,,,
Rwanda,RWA,2019,RWF,,,,1200450000000.0,,,,2894200000000.0,,,9400000000.0,,5288440000000.0,,,,,9308000000000.0,,9138000000000.0,1771600000000.0,1524600000000.0,,
Rwanda,RWA,2019,USD,,,,,,,,,142200000.0,,,,,,702460000.0,,,,,,,,,
Rwanda,RWA,2020,RWF,,,,1379540000000.0,,,,3294630000000.0,,,-3400000000.0,,6953070000000.0,,,,,9597000000000.0,,2249000000000.0,1819500000000.0,1547900000000.0,,
Rwanda,RWA,2020,USD,,,,,,,,,206800000.0,,,,,,899000000.0,,,,,,,,,
Rwanda,RWA,2021,RWF,,,,992800000000.0,,,,,,,10900000000.0,,8021040000000.0,,,,,10943000000000.0,,2327000000000.0,2688000000000.0,1712400000000.0,,
Rwanda,RWA,2021,USD,,,,,,,,,161800000.0,,,,,,769770000.0,,,,,,,,,
Rwanda,RWA,2022,RWF,,,,1059700000000.0,,,,,,,8199999999.999999,,9259670000000.0,,,,,13720000000000.0,,2510000000000.0,,,,
Rwanda,RWA,2022,USD,,,,,,,,,296600000.0,,,,,,1128320000.0,,,,,,,,,
Rwanda,RWA,2023,RWF,,,,1129500000000.0,,,,,,,8199999999.999999,,12021970000000.0,,,,,16355000000000.0,,2740000000000.0,,,,
Rwanda,RWA,2023,USD,,,,,,,,,423900000.0,,,,,,1466600000.0,,,,,,,,,
Rwanda,RWA,2024,RWF,,,,1744900000000.0,,,,,,,,,,,,,,4486000000000.0,,3007000000000.0,,,,
Rwanda,RWA,2024,USD,,,,,,,,,438800000.0,,,,,,1768850000.0,,,,,,,,,
Rwanda,RWA,2025,RWF,,,,2109800000000.0002,,,,,,,,,,,,,,5255000000000.0,,,,,,
Senegal,SEN,2000,XOF,,,,,61.3,,,,,,,,,,,,,,,,,,,
Senegal,SEN,2001,XOF,,,,,62.4,,,,,,,,,,,,,,,,,,,
Senegal,SEN,2002,XOF,,,,,64.1,,,,,,,,,,,,,,,,,,,
Senegal,SEN,2003,XOF,,,,,65.2,,,,,,,,,,,,,,,,,,,
Senegal,SEN,2004,XOF,,,,,64.7,,,,,,,,,,,,,,,,,,,
Senegal,SEN,2005,XOF,,,,,65.3,,,,,,,,,,,,,,,,,,,
Senegal,SEN,2006,XOF,,,,,66.5,,,,,,,,,,,,,,,,,,,
Senegal,SEN,2007,XOF,,,,,69.4,,,,,,,,,,,,,,,,,,,
Senegal,SEN,2008,XOF,,,,,73.6,,,,,,,,,,,,,,,1991800000000.0,,,,
Senegal,SEN,2009,XOF,,,,,75.3,,,,,,,,,,,,,,,1971900000000.0,,,,
Senegal,SEN,2010,XOF,,,,678900000000.0,74.2,,,,,,,,,,,,,,,2081300000000.0002,,,,
Senegal,SEN,2011,XOF,,,,712300000000.0,77.2,,,,,,,,,,,,,,,2058100000000.0,,,,
Senegal,SEN,2012,XOF,,,,748600000000.0,78.4,,,,,,,,,,,,,,,2200100000000.0,,,,
Senegal,SEN,2013,XOF,,,,786400000000.0,78.9,,,,,,,,,,,,,,,2259500000000.0,,,,
Senegal,SEN,2014,XOF,-354.7,,,825700000000.0,79.5,135.2,,2468.3,1324.5,,0.066,,,,2512.8,,,8071000000000.0,,2289680929000.0,,,,
Senegal,SEN,2015,XOF,-384.2,,,867900000000.0,77.6,142.8,,2623.7,1408.7,,0.064,,,,2668.4,,,8558000000000.0,,2452966264000.0,,,,
Senegal,SEN,2016,XOF,-412.6,,,912400000000.0,78.8,150.6,,2795.4,1492.3,,0.062000000000000006,,,,2815.7,,,9056000000000.0,,2625287483000.0,,,,
Senegal,SEN,2017,XOF,-450.3,,,958000000000.0,79.6,160.3,,2987.2,1615.8,,0.071,,,,3024.6,,,9708000000000.0,,2786019334000.0,,,,
Senegal,SEN,2018,XOF,-496.8,,,1005700000000.0,80.9,170.9,,3194.6,1789.4,,0.064,,,,3347.9,,,10310000000000.0,,2962158427000.0,,,,
Senegal,SEN,2019,XOF,-532.4,,,1056000000000.0,81.4,182.4,,3421.8,1993.2,,0.046,,,,3648.2,,,10870000000000.0,,3184763638000.0,,,,
Senegal,SEN,2020,XOF,-598.7,,,250000000000.0,83.1,195.7,,3678.5,2105.6,,0.013000000000000001,,,,3825.1,,,11360000000000.0,,3212946582000.0,,,,
Senegal,SEN,2021,XOF,-654.3,,,262500000000.0,83.8,210.5,,3954.2,2367.9,,0.065,,,,4256.3,,,12450000000000.0,,3303388658000.0,,,,
Senegal,SEN,2022,XOF,-712.9,,,275000000000.0,88.4,228.1,,4267.9,2698.4,,0.038,,,,4987.6,,,13870000000000.0,,3509398180000.0,,,,
Senegal,SEN,2023,XOF,-768.5,,,287500000000.0,97.8,245.6,,4598.3,3056.7,0.085,0.043,,,,6658.9,,,16660000000000.0,,3651712939000.0,,,,
Senegal,SEN,2024,XOF,-820.0,,,300000000000.0,99.8,265.0,,4920.0,3290.0,0.055,0.057,,,,6890.0,,,18020000000000.0,,3747674477000.0,,,,
Senegal,SEN,2025,XOF,,,,,101.6,,,,315.2,-0.004,,,,,,,,,,,,,,
South Africa,ZAF,1960,ZAR,-38000000.0,,23000000.0,,,,,,,,,,2457000000.0,,,,,,,,89000000.0,,,
South Africa,ZAF,1961,ZAR,-49000000.0,,37000000.0,,,,,,,,,,2510000000.0,,,,,,,,101000000.0,,,
South Africa,ZAF,1962,ZAR,-81000000.0,,20000000.0,,,,,,,,,,2612000000.0,,,,,,,,100000000.0,,,
South Africa,ZAF,1963,ZAR,-78000000.0,,23000000.0,,,,,,,,,,2791000000.0,,,,,,,,112000000.0,,,
South Africa,ZAF,1964,ZAR,-4000000.0,0.0,41000000.0,,,,,,,,,,2943000000.0,,,,,,,,101000000.0,,,
South Africa,ZAF,1965,ZAR,-15000000.0,,46000000.0,,,,,,,,,,3046000000.0,,,,,,,,102000000.0,,,
South Africa,ZAF,1966,ZAR,-78000000.0,,12000000.0,,,,,,,,,,3324000000.0,,,,,,,,118000000.0,,,
South Africa,ZAF,1967,ZAR,-150000000.0,0.0,23000000.0,,,,,,,,,,3785000000.0,,,,,,,,153000000.0,,,
South Africa,ZAF,1968,ZAR,-260000000.0,,31000000.0,,,,,,,,,,4092000000.0,,,,,,,,185000000.0,,,
South Africa,ZAF,1969,ZAR,-14000000.0,,19000000.0,,,,,,,,,,4811000000.0,,,,,,,,185000000.0,,,
South Africa,ZAF,1970,ZAR,-261000000.0,,72000000.0,,,,,,,,,,5090000000.0,,,,,,,,216000000.0,,,
South Africa,ZAF,1971,ZAR,-1000000.0,,,,,,,,,,,,5393000000.0,,,,,,,,225000000.0,,,
South Africa,ZAF,1972,ZAR,-36000000.0,,,,,,,,,,,,6007000000.0,,,,,,,,264000000.0,,,
South Africa,ZAF,1973,ZAR,-110000000.0,,76000000.0,,,,,,,,,,7155000000.0,,,,,,,,337000000.0,,,
South Africa,ZAF,1974,ZAR,-408000000.0,,54000000.0,,,,,,,,,,7534000000.0,,,,,,,,375000000.0,,,
South Africa,ZAF,1975,ZAR,-14000000.0,,33000000.0,,,,,,,,,,8304000000.0,,,,,,,,454000000.0,,,
South Africa,ZAF,1976,ZAR,-26000000.0,,65000000.0,,,,,,,,,,10076000000.0,,,,,,,,538000000.0,,,
South Africa,ZAF,1977,ZAR,-5000000.0,0.0,14000000.0,,,,,,,,,,12185000000.0,,,,,,,,593000000.0,,,
South Africa,ZAF,1978,ZAR,-266000000.0,,1000000.0,,,,,,,,,,14011000000.0,,,,,,,,663000000.0,,,
South Africa,ZAF,1979,ZAR,-382000000.0,,38000000.0,,,,,,,,,,16385000000.0,,,,,,,,857000000.0,,,
South Africa,ZAF,1980,ZAR,-18000000.0,,619000000.0,,,,,,,,,,18382000000.0,,,,,,,,942000000.0,,,
South Africa,ZAF,1981,ZAR,-306000000.0,,5000000.0,,,,,,,,,,20077000000.0,,,,,,,,1138000000.0,,,
South Africa,ZAF,1982,ZAR,-184000000.0,,85000000.0,,,,,,,,,,21776000000.0,,,,,,,,1370000000.0,,,
South Africa,ZAF,1983,ZAR,-8000000.0,,600000000.0,,,,,,,,,,25761000000.0,,,,,,,,1589000000.0,,,
South Africa,ZAF,1984,ZAR,-30000000.0,,508000000.0,,,,,,,,,,30117000000.0,,,,,,,,1679000000.0,,,
South Africa,ZAF,1985,ZAR,-573000000.0,,5000000.0,,,,,,,,,,34110000000.0,,,,,,,,2370000000.0,,,
South Africa,ZAF,1986,ZAR,-56000000.0,,1035000000.0,,,,,,,,,,39079000000.0,,,,,,,,2814000000.0,,,
South Africa,ZAF,1987,ZAR,-448000000.0,,825000000.0,,,,,,,,,,46683000000.0,,,,,,,,2801000000.0,,,
South Africa,ZAF,1988,ZAR,-310000000.0,,321000000.0,,,,,,,,,,55468000000.0,,,,,,,,3367000000.0,,,
South Africa,ZAF,1989,ZAR,-460000000.0,,277000000.0,,,,,,,,,,67910000000.0,,,,,,,,4977000000.0,,,
South Africa,ZAF,1990,ZAR,-1049000000.0,,2928000000.0,,,,,,,,,,81022000000.0,,,,,,,,7517000000.0,,,
South Africa,ZAF,1991,ZAR,-2835000000.0,,1686000000.0,,,,,,,,,,92606000000.0,,,,,,,,7353000000.0,,,
South Africa,ZAF,1992,ZAR,-2684000000.0,,238000000.0,,,,,,,,,,115077000000.0,,,,,,,,7596000000.0,,,
South Africa,ZAF,1993,ZAR,-184000000.0,,,,,,,,,,,,140563000000.0,,,,,480994460000.0,,2315155790000.0,7455000000.0,,,
South Africa,ZAF,1994,ZAR,-7040000000.0,,1642000000.0,,,,,,,,,,177199000000.0,,,,,545092630000.0,,2389240780000.0,9202000000.0,,,
South Africa,ZAF,1995,ZAR,-6606000000.0,,2525000000.0,,,,,,,,,,238043000000.0,,,,,622900830000.0,,2463307240000.0,11063000000.0,,,
South Africa,ZAF,1996,ZAR,-6999000000.0,,3718000000.0,,,,,,,,,,274941000000.0,,,,,701803910000.0,,2569229450000.0,14054000000.0,,,
South Africa,ZAF,1997,ZAR,-11050000000.0,,426000000.0,,,,,,,,,,305864000000.0,,,,,778644470000.0,,2636029420000.0,14117000000.0,,,
South Africa,ZAF,1998,ZAR,-6532000000.0,,2203000000.0,,,,,,,,,,333564000000.0,,,,,845733390000.0,,2649209570000.0,14568000000.0,,,
South Africa,ZAF,1999,ZAR,-5015000000.0,,1492000000.0,,,,,,,,,,359292000000.0,,,,,925690430000.0,,2712790600000.0,15775000000.0,,,
South Africa,ZAF,2000,ZAR,-7963000000.0,,1937000000.0,,,,,,,,,,375842000000.0,,,,,1053138030000.0,,2826727800000.0,15750000000.0,,,
South Africa,ZAF,2001,ZAR,-9716000000.0,,3000000000.0,,,,,,,,,,402298000000.0,,,,,1165940570000.0,,2903049450000.0,19348000000.0,,,
South Africa,ZAF,2002,ZAR,-10862000000.0,,3634000000.0,,,,,,,,,,433621000000.0,,,,,1360679280000.0,,3010473150000.0,21103000000.0,,,
South Africa,ZAF,2003,ZAR,-3079000000.0,,2435000000.0,,,,,,,,,,432986000000.0,,,,,1490399020000.0,,3099254270000.0,19333000000.0,,,
South Africa,ZAF,2004,ZAR,-15216000000.0,,163000000.0,,,,,,,,,,473724000000.0,,,,,1652434100000.0,,3240411670000.0,23010000000.0,,,
South Africa,ZAF,2005,ZAR,-1259000000.0,,12763000000.0,,,22994000000.0,11701000000.0,,,,,,514821000000.0,8585000000.0,,,,1837001380000.0,,3411409880000.0,26833000000.0,354378000000.0,,
South Africa,ZAF,2006,ZAR,-11364000000.0,,855000000.0,71817280000.0,,27701000000.0,12777000000.0,,,,,,546203000000.0,9921000000.0,,,,2057593910000.0,,3602578680000.0,30578000000.0,416607000000.0,,
South Africa,ZAF,2007,ZAR,-5939000000.0,,21878000000.0,92131660000.0,,26052000000.0,14567000000.0,,,,,,581815000000.0,11484000000.0,,,,2346649860000.0,,3795693980000.0,32855000000.0,494880000000.0,,
South Africa,ZAF,2008,ZAR,-1443000000.0,,26242000000.0,124795870000.0,,27826000000.0,16612000000.0,,,,,,582862000000.0,12995000000.0,,,,2611630830000.0,,3916816240000.0,38451000000.0,572559000000.0,,
South Africa,ZAF,2009,ZAR,-25523000000.0,,20847000000.0,181214540000.0,,30694000000.0,20040000000.0,,,,,,637208000000.0,15817000000.0,,,,2794228410000.0,,3856572110000.0,39544000000.0,627670000000.0,,
South Africa,ZAF,2010,ZAR,-18234000000.0,,7681000000.0,177096210000.0,,31895000000.0,21639000000.0,,,,,,767164000000.0,21001000000.0,,,,3055613200000.0,,3973801600000.0,39672000000.0,598481000000.0,,
South Africa,ZAF,2011,ZAR,-13176000000.0,,5669000000.0,181027650000.0,,30601000000.0,29834000000.0,,,,,,965714000000.0,24488000000.0,,,,3327047010000.0,,4099713740000.0,48713000000.0,673928000000.0,,
South Africa,ZAF,2012,ZAR,-25569000000.0,,8483000000.0,202842480000.0,,34659000000.0,42053000000.0,,61697000000.0,,,,1173064000000.0,29339000000.0,67424000000.0,,,3566385040000.0,,4197952410000.0,50555000000.0,742576000000.0,,
South Africa,ZAF,2013,ZAR,-30941000000.0,,10525000000.0,224793040000.0,,38046000000.0,47607000000.0,,53277000000.0,,,,1349556000000.0,31966000000.0,77804000000.0,,,3868630210000.0,,4302291179999.9995,47302000000.0,813671000000.0,,199715000000.0
South Africa,ZAF,2014,ZAR,-27964000000.0,,14400000000.0,252397690000.0,,40279000000.0,52511000000.0,,77783000000.0,,,,1552675000000.0,35038000000.0,94716000000.0,,,4133873020000.0,,4363118110000.0005,54738000000.0,899888000000.0,,221290150000.0
South Africa,ZAF,2015,ZAR,-34521000000.0,,15701000000.0,265181820000.0,,42598000000.0,57643000000.0,,67063000000.0,,,,1788152000000.0,39045000000.0,91282000000.0,,,4420792530000.0,,4420792520000.0,56021000000.0,986295000000.0,,233488520000.0
South Africa,ZAF,2016,ZAR,-29264000000.0,,16905000000.0,283274150000.0,,44896000000.0,63829000000.0,,69665000000.0,,,,2019267000000.0,42452000000.0,89168000000.0,,,4759554550000.0,,4450171000000.0,68229000000.0,1069983000000.0,,254811000000.0
South Africa,ZAF,2017,ZAR,-32861000000.0,,12275000000.0,271943700000.0,,46900000000.0,71699000000.0,,80213000000.0,,,,2229662000000.0,44856000000.0,91412000000.0,,,5078189930000.0,,4501701620000.0,65963000000.0,1144081000000.0,,268477330000.00003
South Africa,ZAF,2018,ZAR,-49871000000.0,,17057000000.0,249757860000.0,,46792000000.0,76119000000.0,,80855000000.0,,,,2520112000000.0,49378000000.0,107978000000.0,,,5363190430000.0,,4571783380000.0,74190000000.0,1216464000000.0,,299685710000.0
South Africa,ZAF,2019,ZAR,-64891000000.0,,20781000000.0,230151280000.0,,47305000000.0,97208000000.0,,88639000000.0,,,,2746860000000.0,53911000000.0,101705000000.0,,,5625206550000.0,,4583667070000.0,75792000000.0,1287690000000.0,,310891670000.0
South Africa,ZAF,2020,ZAR,-50293000000.0,,10985000000.0,204324850000.0,,51495000000.0,113700000000.0,,100890000000.0,,,,3194883000000.0,58417000000.0,103611000000.0,,,5562760340000.0,,4300904420000.0,91008000000.0,1355766000000.0,,304332370000.0
South Africa,ZAF,2021,ZAR,-110002000000.0,,21257000000.0,199810350000.0,,50841000000.0,117221000000.0,,110113000000.0,,,,3897788000000.0,66074000000.0,97691000000.0,,,6220151640000.0,,4514015640000.0,84285000000.0,1249711000000.0,,339277030000.0
South Africa,ZAF,2022,ZAR,-61498000000.0,,77417000000.0,209916090000.0,,52329000000.0,125304000000.0,,130124000000.0,,,,4228699000000.0,73452000000.0,126571000000.0,,,6655523780000.0,,4600300140000.0,105096000000.0,1563754000000.0,,356148660000.0
South Africa,ZAF,2023,ZAR,-106827000000.0,,9962000000.0,232707410000.0,,56554000000.0,139518000000.0,,139355000000.0,,,,4753830000000.0,71514000000.0,162410000000.0,,,7023994460000.0,,4632432560000.0,114088000000.0,1686697000000.0,,
South Africa,ZAF,2024,ZAR,-68617000000.0,,16486000000.0,,,,,,143989000000.0,,,,5187768000000.0,,153678000000.0,,,7336242000000.0,,4659294000000.0,115521000000.0,,,
South Africa,ZAF,2025,ZAR,-70273000000.0,,15353000000.0,,,,,,148967000000.0,,,,5624092000000.0,,165387000000.0,,,,,,121294000000.0,,,
Tanzania,TZA,1997,USD,,,,,,,,,,,,,,,1948200000.0,,,,,,,,,
Tanzania,TZA,1998,USD,,,,,,,,,,,,,,,2337480000.0,,,,,,,,,
Tanzania,TZA,1999,USD,,,,,,,,,1201750000.0,,,,,,2210400000.0,,,,,,,,,
Tanzania,TZA,2000,USD,,,,,,,,,1360960000.0,,,,,,2049980000.0,,,,,,,,,
Tanzania,TZA,2001,USD,,,,,,,,,1766700000.0,,,,,,2209690000.0,,,,,,,,,
Tanzania,TZA,2002,TZS,,,,,,,,,,,0.044000000000000004,,,,,,,,,,,,,
Tanzania,TZA,2002,USD,,,,,,,,,1899700000.0,,,,,,2143860000.0000002,,,,,,,,,
Tanzania,TZA,2003,TZS,,,,,,,,,,,0.057999999999999996,,,,,,,,,,,,,
Tanzania,TZA,2003,USD,,,,,,,,,2168610000.0,,,,,,2659160000.0,,,,,,,,,
Tanzania,TZA,2004,TZS,,,,,,,,,,,0.078,,,,,,,,,,,,,
Tanzania,TZA,2004,USD,,,,,,,,,2615270000.0,,,,,,3457560000.0,,,,,,,,,
Tanzania,TZA,2005,TZS,,,,,,,,,,,0.057,,,,,,,19112830000000.0,,23582244000000.0,,,,
Tanzania,TZA,2005,USD,,,,,,,,,2948270000.0,,,,,,4204890000.0000005,,,,,,,,,
Tanzania,TZA,2006,TZS,,,,,,,,,,,0.033,,,,,,,23298435000000.0,,24681311000000.0,,,,
Tanzania,TZA,2006,USD,,,,,,,,,3271380000.0,,,,,,5113440000.0,,,,,,,,,
Tanzania,TZA,2007,TZS,,,,,,,,,,,0.109,,,,,,,26770432000000.0,,26770432000000.0,,,,
Tanzania,TZA,2007,USD,,,,,,,,,3899870000.0,,,,,,6274320000.0,,,,,,,,,
Tanzania,TZA,2008,TZS,,,,,,,,,,,0.038,,,,,,,32764940000000.0,,28260633000000.0,,,,
Tanzania,TZA,2008,USD,,,,,,,,,5110770000.0,,,,,,8674170000.0,,,,,,,,,
Tanzania,TZA,2009,TZS,,,,,,,,,,,0.068,,,,,,,37726824000000.0,,29781719000000.0,,,,
Tanzania,TZA,2009,USD,,,,,,,,,4713840000.0,,,,,,7556100000.0,,,,,,,,,
Tanzania,TZA,2010,TZS,-3512200000000.0,,,2611300000000.0,,,,8173700000000.0,,,0.05,,,,,,,43836018000000.0,,31675504000000.0,4661500000000.0,4427800000000.0,,1488400000000.0
Tanzania,TZA,2010,USD,,,,,,,,,5805990000.0,,,,,,9054390000.0,,,,,,,,,
Tanzania,TZA,2011,TZS,-3861400000000.0,,,2749000000000.0,,,,9439400000000.0,,,0.079,,,,,,,52762581000000.0,,34179297000000.0,5736300000000.0,5293300000000.0,,1632900000000.0
Tanzania,TZA,2011,USD,,,,,,,,,6733290000.0,,,,,,12035570000.0,,,,,,,,,
Tanzania,TZA,2012,TZS,-3543100000000.0,,,3774700000000.0,,,,10764500000000.0,,,0.071,,,,,,,61434214000000.0,,35936459000000.0,7221400000000.0,6480500000000.0,,2072600000000.0
Tanzania,TZA,2012,USD,,,,,,,,,7907470000.0,,,,,,12678020000.0,,,,,,,,,
Tanzania,TZA,2013,TZS,-5100400000000.0,,,4499700000000.0,,,,13543000000000.0,,,0.045,,,,,,,70953227000000.0,,38546546000000.0,8442600000000.0,7730000000000.0,,2374900000000.0
Tanzania,TZA,2013,USD,,,,,,,,,7773890000.0,,,,,,13517600000.0,,,,,,,,,
Tanzania,TZA,2014,TZS,-3775700000000.0,,,3926000000000.0,,,,13958200000000.0,,,0.085,,,,,,,82603388000000.0,,88874111000000.0,10182500000000.0,9294400000000.0,,2647700000000.0
Tanzania,TZA,2014,USD,,,,,,,,,8056780000.0,,,,,,13566070000.0,,,,,,,,,
Tanzania,TZA,2015,TZS,-4006000000000.0,,,3710200000000.0,,,,14603700000000.0,,,0.028999999999999998,,,,,,,94349316000000.0,,94349316000000.0,10957800000000.0,9891700000000.0,,3031800000000.0
Tanzania,TZA,2015,USD,,,,,,,,,7752960000.0,,,,,,10561040000.0,,,,,,,,,
Tanzania,TZA,2016,TZS,-3711600000000.0,,,4339600000000.0005,,,,17759600000000.0,,,0.09699999999999999,,,,,,,108362324000000.0,,100828393000000.0,14048000000000.0,12411000000000.0,,3553600000000.0
Tanzania,TZA,2016,USD,,,,,,,,,8023720000.0,,,,,,8958430000.0,,,,,,,,,
Tanzania,TZA,2017,TZS,-2258900000000.0,,,7272800000000.0,,,,18898700000000.0,,,0.049,,,,,,,118742133000000.0,,107611391000000.0,16639800000000.0,14055200000000.0,,3979500000000.0
Tanzania,TZA,2017,USD,,,,,,,,,7932560000.0,,,,,,9294400000.0,,,,,,,,,
Tanzania,TZA,2018,TZS,-2523200000000.0,,,7615800000000.0,,,,20468100000000.0,,,0.075,,,,,,,123997772000000.0,,115174468000000.0,17944900000000.0,15191400000000.0,,4478900000000.0
Tanzania,TZA,2018,USD,,,,,,,,,7917140000.0,,,,,,10445410000.0,,,,,,,,,
Tanzania,TZA,2019,TZS,-3771100000000.0,,,8493799999999.999,,,,22300600000000.0,,,0.065,,,,,,,134540194000000.0,,123139239000000.0,18529600000000.0,15511300000000.0,,4781600000000.0
Tanzania,TZA,2019,USD,,,,,,,,,9284740000.0,,,,,,10403610000.0,,,,,,,,,
Tanzania,TZA,2020,TZS,-2440000000000.0,,,9309000000000.0,,,,23510000000000.0,,,0.052000000000000005,,,,,,,145384353000000.0,,128723538000000.0,21070000000000.0,17623000000000.0,,5184000000000.0
Tanzania,TZA,2020,USD,,,,,,,,,8245100000.0,,,,,,9150720000.0,,,,,,,,,
Tanzania,TZA,2021,TZS,-5991000000000.0,,,11702000000000.0,,,,26585000000000.0,,,0.045,,,,,,,156167137000000.0,,134951513000000.0,20595000000000.0,17624000000000.0,,5218000000000.0
Tanzania,TZA,2021,USD,,,,,,,,,9508610000.0,,,,,,11610390000.0,,,,,,,,,
Tanzania,TZA,2022,TZS,-7420000000000.0,,,15817000000000.0,,,,31816000000000.0,,,0.06,,,,,,,170820032000000.0,,141247193000000.0,24396000000000.0,20931000000000.0,,6298000000000.0
Tanzania,TZA,2022,USD,,,,,,,,,11586860000.0,,,,,,16674119999.999998,,,,,,,,,
Tanzania,TZA,2023,TZS,-9880000000000.0,,,15682000000000.0,,,,36157000000000.0,,,0.05,,,,,,,188788052000000.0,,148399757000000.0,26278000000000.0,21411000000000.0,,7067000000000.0
Tanzania,TZA,2023,USD,,,,,,,,,13560870000.0,,,,,,16124800000.0,,,,,,,,,
Tanzania,TZA,2024,TZS,,,,,,,,,,,0.055999999999999994,,,,,,,50778146000000.0,,38730692000000.0,2425109470000.0,1949346070000.0,,
Tanzania,TZA,2024,USD,,,,,,,,,9121600000.0,,,,,,16887800000.0,,,,,,,,,
Togo,TGO,1965,XOF,,,,,,,,,,,,,,,,,,43500000000.0,,625210000000.0,,,,
Togo,TGO,1966,XOF,,,,,,,,,,,,,,,,,,53100000000.0,,683750000000.0,,4600000000.0,,
Togo,TGO,1967,XOF,,,,,,,,,,,,,,,,,,57000000000.0,,721060000000.0,,5100000000.0,,
Togo,TGO,1968,XOF,,,,,,,,,,,,,,,,,,59900000000.0,,757720000000.0,,5400000000.0,,
Togo,TGO,1969,XOF,,,,,,,,,,,,,,,,,,69600000000.0,,839410000000.0,,6500000000.0,,
Togo,TGO,1970,XOF,,,,,,,,,,,,,11000000000.0,,,,,73700000000.0,,860640000000.0,,8900000000.0,,
Togo,TGO,1971,XOF,,,,,,,,,,,,,13020000000.0,,,,,81900000000.0,,860640000000.0,,10400000000.0,,
Togo,TGO,1972,XOF,,,,,,,,,,,,,11860000000.0,,,,,87600000000.0,,926240000000.0,,11700000000.0,,
Togo,TGO,1973,XOF,,,,,,,,,,,,,15510000000.0,,,,,90400000000.0,,962260000000.0,,11000000000.0,,
Togo,TGO,1974,XOF,,,,,,,,,51770000000.0,,,,30520000000.0,,-23600000000.0,,,130699999999.99998,,1008580000000.0,,15200000000.0,,
Togo,TGO,1975,XOF,,,,,,,,,30210000000.0,,,,35970000000.0,,-45330000000.0,,,128300000000.00002,,1033020000000.0,,26200000000.0,,
Togo,TGO,1976,XOF,,,,,,,,,37960000000.0,,,,57880000000.0,,-43160000000.0,,,136300000000.00002,,1011790000000.0,,32299999999.999996,,
Togo,TGO,1977,XOF,,,,,,,,,48960000000.0,,,,106700000000.0,,-62090000000.0,,,168800000000.0,,1082550000000.0,,40700000000.0,,
Togo,TGO,1978,XOF,,,,,,,,,59110000000.0,,,,185070000000.0,,-92720000000.0,,,188800000000.0,,1202190000000.0,,49600000000.0,,
Togo,TGO,1979,XOF,,,,,,,,,61810000000.0,,,,234700000000.0,,-98770000000.0,,,212800000000.0,,1139790000000.0,,49900000000.0,,
Togo,TGO,1980,XOF,,,,,,,,,100520000000.0,,,,237110000000.0,,-110740000000.0,,,238400000000.0,,1305750000000.0,,60000000000.0,,
Togo,TGO,1981,XOF,,,,,,,,,102640000000.0,,,,273180000000.0,,-112480000000.0,,,258000000000.0,,1262650000000.0,,54100000000.0,,
Togo,TGO,1982,XOF,,,,,,,,,113310000000.0,,,,312470000000.0,,-134120000000.0,,,269700000000.0,,1217620000000.0,,64500000000.0,,
Togo,TGO,1983,XOF,,,,,,,,,104220000000.0,,,,349330000000.0,,-111190000000.0,,,298000000000.0,,1151370000000.0,,62000000000.0,,
Togo,TGO,1984,XOF,,,,,,,,,127140000000.0,,,,353020000000.0,,-115010000000.0,,,313800000000.0,,1215700000000.0,,68700000000.0,,
Togo,TGO,1985,XOF,,,,,,,,,126690000000.0,,,,420180000000.0,,-136460000000.00002,,,342500000000.0,,1283230000000.0,,77000000000.0,,
Togo,TGO,1986,XOF,,,,,,,,,125490000000.0,,,,368880000000.0,,-144950000000.0,,,367400000000.0,,1303170000000.0,,78600000000.0,,
Togo,TGO,1987,XOF,,,,,,,,,119470000000.0,,,,371110000000.0,,-131370000000.0,,,375400000000.0,,1309610000000.0,,73500000000.0,,
Togo,TGO,1988,XOF,,,,,,,,,129669999999.99998,,,,364070000000.0,,-150250000000.0,,,412100000000.0,,1390650000000.0,,79600000000.0,,
Togo,TGO,1989,XOF,,,,,,,,,131340000000.0,,,,375240000000.0,,-149970000000.0,,,431600000000.0,,1447900000000.0,,83800000000.0,,
Togo,TGO,1990,XOF,-12900000000.0,,,32200000000.000004,,,,127600000000.0,139900000000.0,,,,348650000000.0,,-164100000000.0,,,687760000000.0,,1686540000000.0,127600000000.0,82500000000.0,,
Togo,TGO,1991,XOF,-29400000000.0,,,20400000000.0,,,,115000000000.0,145120000000.0,,,,381190000000.0,,-159960000000.0,,,704120000000.0,,1677790000000.0,115000000000.0,68900000000.0,,
Togo,TGO,1992,XOF,-18200000000.0,,,15700000000.0,,,,98800000000.0,111100000000.0,,,,358050000000.0,,-144900000000.0,,,692780000000.0,,1623600000000.0,98800000000.0,54900000000.0,,
Togo,TGO,1993,XOF,-53800000000.0,,,8199999999.999999,,,,93100000000.0,74760000000.0,,,,366280000000.0,,-106270000000.0,,,564940000000.0,,1369090000000.0,93100000000.0,30900000000.0,,
Togo,TGO,1994,XOF,-59300000000.0,,,12400000000.0,,,,135900000000.0,182320000000.0,,,,808230000000.0,,-202940000000.0,,,858500000000.0,,1568430000000.0,135900000000.0,60300000000.0,,
Togo,TGO,1995,XOF,-42000000000.0,,,22900000000.0,,,,147200000000.0,188380000000.0,,,,736620000000.0,,-252800000000.0,,,1019320000000.0,,1652600000000.0,147200000000.0,88800000000.0,,
Togo,TGO,1996,XOF,-24200000000.0,,,15100000000.0,,,,150700000000.0,225410000000.0,,,,761250000000.0,,-290450000000.0,,,1141780000000.0,,1780560000000.0,150700000000.0,98100000000.0,,
Togo,TGO,1997,XOF,-20800000000.0,,,17600000000.0,,,,161200000000.0,246580000000.0,,,,785450000000.0,,-309650000000.0,,,1326670000000.0,,1848000000000.0,161200000000.0,115700000000.0,,
Togo,TGO,1998,XOF,-71800000000.0,,,34200000000.000004,,,,212300000000.0,247940000000.0,,,,868310000000.0,,-326510000000.0,,,1269100000000.0,,1806400000000.0,212300000000.0,115000000000.0,,
Togo,TGO,1999,XOF,-33200000000.000004,,,29000000000.0,,,,175000000000.0,241030000000.0,,,,937860000000.0,,-301340000000.0,,,1326910000000.0,,1852660000000.0,175000000000.0,112700000000.0,,
Togo,TGO,2000,XOF,-54600000000.0,,,28300000000.0,,,,175800000000.0,257610000000.0,,,,902200000000.0,,-344920000000.0,,,1496230000000.0,,1834810000000.0,175800000000.0,103900000000.0,,
Togo,TGO,2001,XOF,-20000000000.0,,,22800000000.0,,,,152100000000.0,261850000000.00003,,,,950300000000.0,,-378300000000.0,,,1533190000000.0,,1849920000000.0,152100000000.0,108200000000.0,,
Togo,TGO,2002,XOF,-7000000000.0,,,14400000000.0,,,,135300000000.00002,295690000000.0,,,,893500000000.0,,-401150000000.0,,,1671880000000.0,,1920710000000.0,135300000000.00002,115500000000.0,,
Togo,TGO,2003,XOF,,,17000000000.0,10400000000.0,,,,153800000000.0,347390000000.0,,,,827000000000.0,,-438480000000.0,,,1732660000000.0,,2049780000000.0002,153800000000.0,148800000000.0,,
Togo,TGO,2004,XOF,,,13700000000.0,15800000000.0,,,,165800000000.0,317510000000.0,,,,781400000000.0,,-450750000000.0,,,1682930000000.0,,2029720000000.0,165800000000.0,161000000000.0,,
Togo,TGO,2005,XOF,-31900000000.0,,,36600000000.0,,,,219800000000.0,334460000000.0,,,,820400000000.0,,-483910000000.0,,,1698710000000.0,,1935010000000.0,219800000000.0,162000000000.0,,
Togo,TGO,2006,XOF,-32299999999.999996,,,47300000000.0,,,,244200000000.0,329610000000.0,,,,839950000000.0,,-496260000000.0,,,1734930000000.0,,1986290000000.0,244200000000.0,179100000000.0,,
Togo,TGO,2007,XOF,-7900000000.0,,,24100000000.0,,,,231600000000.0,324410000000.0,,,,847200000000.0,,-513760000000.0,,,1799650000000.0,,1962950000000.0,231600000000.0,195900000000.0,,
Togo,TGO,2008,XOF,-3400000000.0,,,49900000000.0,,,,253300000000.0,381800000000.0,,,,680000000000.0,,-585390000000.0,,,2042170000000.0,,2042170000000.0,253300000000.0,211200000000.0,,
Togo,TGO,2009,XOF,-9000000000.0,,,92200000000.0,,,,326300000000.0,426400000000.0,,,,770124000000.0,,-621000000000.0,,,2220670000000.0,,2153540000000.0,326300000000.0,229100000000.0,,
Togo,TGO,2010,XOF,,,4600000000.0,123600000000.0,,,,354500000000.0,483500000000.0,,,,260300000000.0,,705500000000.0,,,2348490000000.0,,2279620000000.0,354500000000.0,246700000000.0,,
Togo,TGO,2011,XOF,-19700000000.0,,,144200000000.0,,,,420800000000.0,556200000000.0,,,,241900000000.0,,953100000000.0,,,2555320000000.0,,2412370000000.0,420800000000.0,291400000000.0,,
Togo,TGO,2012,XOF,-115400000000.0,,,175100000000.0,,,,535000000000.0,670700000000.0,,,,278800000000.0,,955500000000.0,,,2763920000000.0,,2564410000000.0,535000000000.0,327700000000.0,,
Togo,TGO,2013,XOF,-94800000000.0,,,162200000000.0,,,,614400000000.0,751900000000.0,,,,357400000000.0,,1182000000000.0,,,2974130000000.0,,2713770000000.0,614400000000.0,402800000000.0,,
Togo,TGO,2014,XOF,-74700000000.0,,,207300000000.0,,,,636700000000.0,655500000000.0,,,,382300000000.0,,1093900000000.0001,,,3156750000000.0,,2866640000000.0,636700000000.0,458200000000.0,,
Togo,TGO,2015,XOF,-152400000000.0,,,277700000000.0,,,,780600000000.0,597700000000.0,,,,527200000000.00006,,1208500000000.0,,,3402690000000.0,,3023390000000.0,780600000000.0,516299999999.99994,,
Togo,TGO,2016,XOF,-217700000000.0,,,332400000000.0,,,,912700000000.0,614200000000.0,,,,564100000000.0,,1185900000000.0,,,3597800000000.0,,3196750000000.0,912700000000.0,568500000000.0,,
Togo,TGO,2017,XOF,-7800000000.0,,,174500000000.0,,,,717700000000.0,591500000000.0,,,,550200000000.0,,965300000000.0,,,3708900000000.0,,3324880000000.0,717700000000.0,563200000000.0,,
Togo,TGO,2018,XOF,-23100000000.0,,,201690000000.0,,,,789000000000.0,600400000000.0,,,,600800000000.0,,1035099999999.9999,,,3904400000000.0,,3484310000000.0,789000000000.0,546900000000.0,,
Togo,TGO,2019,XOF,,,68000000000.0,129750000000.0,,,,753700000000.0,618200000000.0,,,,751300000000.0,,1061700000000.0,,,4097100000000.0005,,3655850000000.0,753700000000.0,626200000000.0,,
Togo,TGO,2020,XOF,-307500000000.0,,,394190000000.0,,,,1131300000000.0,695000000000.0,,,,981300000000.0,,1123200000000.0,,,4259300000000.0,,3728530000000.0,1131300000000.0,655200000000.0,,
Togo,TGO,2021,XOF,-215500000000.0,,,379830000000.0,,,,1139400000000.0,720800000000.0,,,,1064000000000.0,,1275400000000.0,,,4625840000000.0,,3951910000000.0,1139400000000.0,779600000000.0,,
Togo,TGO,2022,XOF,-422300000000.0,,,610800000000.0,,,,1477200000000.0,899200000000.0,,,,3337300000000.0,,1616000000000.0,,,5104800000000.0,,4183090000000.0,1477200000000.0,864800000000.0,,
Togo,TGO,2023,XOF,-370500000000.0,,,610800000000.0,,,,1642800000000.0,953300000000.0,,,,3707900000000.0,,1708900000000.0,,,5613200000000.0,,4452700000000.0,1642800000000.0,991600000000.0,,
Togo,TGO,2024,XOF,-362600000000.0,,,,,,,1703600000000.0,989600000000.0,,,,4156600000000.0005,,1819700000000.0,,,6098400000000.0,,4731470000000.0,1703600000000.0,1113400000000.0,,
